slug,name,thickness_pct,camber_pct,concave,max_gap_pct,gap_x
e171-il,(Dicke 12.28%),12.25,0.00,no,0.13,0.811
joukowsk-il,12% JOUKOWSKI AIRFOIL,11.80,0.00,YES,0.39,0.860
fx74130wp2-il,74-130 WP2,12.99,3.94,YES,0.77,0.897
fx74130wp2mod-il,74-130 WP2 MOD,12.91,3.88,YES,0.74,0.897
a18-il,A18 (original),7.34,5.04,YES,2.00,0.600
a18sm-il,A18 (smoothed),7.28,3.84,YES,1.96,0.569
ag03-il,AG03 (flat aft bottom),6.24,2.02,no,0.00,0.643
ag04-il,AG04,6.42,1.75,YES,0.42,0.618
ag08-il,AG08,5.83,1.80,YES,0.52,0.546
ag09-il,AG09,4.86,1.86,YES,0.59,0.405
ag10-il,AG10,4.73,1.71,YES,0.66,0.415
ag11-il,AG11,5.81,2.29,no,0.04,0.203
ag12-il,AG12,6.24,1.85,YES,0.86,0.663
ag13-il,AG13,5.83,1.97,YES,0.93,0.638
ag14-il,AG14,5.37,2.10,YES,0.98,0.611
ag16-il,AG16,7.11,1.87,YES,0.86,0.691
ag17-il,AG17,6.49,2.02,YES,0.92,0.663
ag18-il,AG18,5.87,2.16,YES,1.00,0.636
ag19-il,AG19,5.40,2.27,YES,1.08,0.608
ag24-il,AG24 Bubble Dancer DLG by Mark Drela,8.41,2.22,YES,0.72,0.788
ag25-il,AG25 Bubble Dancer DLG by Mark Drela,7.58,2.40,YES,0.86,0.719
ag26-il,AG26 Bubble Dancer DLG by Mark Drela,6.84,2.55,YES,1.01,0.664
ag27-il,AG27 Bubble Dancer DLG by Mark Drela,6.11,2.70,YES,1.26,0.607
ag35-il,AG35,8.72,4.37,no,0.00,0.604
ag36-il,AG36,8.18,4.09,no,0.00,0.419
ag37-il,AG37,7.74,3.88,no,0.00,0.670
ag38-il,AG38,7.04,3.53,no,0.00,0.459
ag44ct02r-il,AG44ct -02f,7.29,1.94,no,0.19,0.733
ag455ct02r-il,AG455ct -02f rot.,6.47,1.83,no,0.20,0.816
ag45c03-il,AG45c -03f,6.93,2.58,no,0.22,0.788
ag45ct02r-il,AG45ct -02f,6.90,1.85,no,0.20,0.719
ag46c03-il,AG46c -03f,6.03,2.28,no,0.15,0.830
ag46ct02r-il,AG46ct  -02f rot.,6.08,1.69,no,0.17,0.830
ag47c03-il,AG47c -03f,5.06,1.96,no,0.14,0.746
ag47ct02r-il,AG47ct  -02f rot.,4.99,1.30,no,0.15,0.746
ah63k127-il,AH 63-K-127/24,12.71,3.77,YES,0.75,0.897
ah79100a-il,AH 79-100 A AIRFOIL,10.00,3.65,YES,1.89,0.721
ah79100b-il,AH 79-100 B AIRFOIL,10.04,6.42,YES,3.45,0.691
ah79100c-il,AH 79-100 C AIRFOIL,9.94,6.70,YES,3.01,0.629
ah79k132-il,AH 79-K-132/20,13.20,3.68,YES,0.49,0.916
ah79k135-il,AH 79-K-135/20 B,13.49,3.05,YES,0.47,0.916
ah79k143-il,AH 79-K-143/18,14.27,2.87,YES,0.69,0.933
ah80129-il,AH 80-129,12.86,4.06,no,0.02,0.933
ah80136-il,AH 80-136,13.55,3.40,no,0.02,0.996
ah80140-il,AH 80-140,13.96,4.36,no,0.14,0.897
ah81131-il,AH 81-131,13.05,2.82,no,0.00,0.999
ah81k144wfklappe-il,AH 81-K-144 W-F KLAPPE,22.02,1.07,YES,1.65,0.629
ah81k144-il,AH 81-K-144/17,14.46,4.24,YES,0.53,0.897
ah82150a-il,AH 82-150 A,15.00,3.28,YES,1.12,0.854
ah82150f-il,AH 82-150 F,15.00,3.64,YES,0.63,0.916
ah83150q-il,AH 83-150 Q,15.00,4.13,YES,0.87,0.897
ah83159-il,AH 83-159,15.94,3.84,YES,1.08,0.897
ah85l120-il,AH 85-L-120/17,12.11,0.00,YES,0.39,0.897
ah88k130-il,AH 88-K-130/20,13.00,3.94,YES,0.94,0.897
ah88k136-il,AH 88-K-136/16,13.54,3.09,no,0.10,0.961
ah93156-il,AH 93-156,15.66,3.74,YES,0.64,0.928
ah93157-il,AH 93-157,15.68,3.72,YES,0.64,0.928
ah93k130-il,AH 93-K-130/15,13.05,3.58,no,0.02,0.992
ah93k131-il,AH 93-K-131/15,13.10,3.61,no,0.02,0.992
ah93k132-il,AH 93-K-132/15,13.23,3.52,no,0.14,0.981
ah93w145-il,AH 93-W-145,14.48,3.88,YES,0.51,0.897
ah93w174-il,AH 93-W-174,17.43,3.93,YES,0.89,0.876
ah93w215-il,AH 93-W-215,21.22,3.05,YES,0.56,0.897
ah93w257-il,AH 93-W-257,25.67,1.79,YES,3.38,0.804
ah93w300-il,AH 93-W-300,29.98,1.14,YES,1.59,0.830
ah93w480b-il,AH 93-W-480B,47.84,3.36,no,0.05,1.000
ah94145-il,AH 94-145,14.57,5.50,YES,0.74,0.888
ah94156-il,AH 94-156,15.60,3.69,YES,0.75,0.908
ah94w301-il,AH 94-W-301,30.10,1.38,YES,2.02,0.830
ah95160-il,AH 95-160,16.00,5.50,YES,0.63,0.867
ah6407-il,AH-6-40-7 AIRFOIL,6.85,5.53,YES,3.40,0.500
ah7476-il,AH-7-47-6 AIRFOIL,5.90,6.20,YES,4.40,0.600
ah21-7-il,AH21 7% version (Andrew Hollom),8.98,2.26,YES,0.35,0.919
ah21-9-il,AH21 9% version (Andrew Hollom),7.00,1.76,no,0.27,0.919
s3024-il,AIRFOIL 3024    9.84%,9.85,3.52,no,0.27,0.666
rg12a-il,AIRFOIL PROFILE12A 9.00%,8.99,1.80,YES,0.47,0.896
aquilasm-il,AQUILA 9.3% smoothed,9.38,4.05,no,0.03,0.233
arad10-il,ARA-D 10% AIRFOIL,10.00,3.99,YES,0.86,0.450
arad13-il,ARA-D 13% AIRFOIL,13.00,3.61,no,0.03,0.250
arad20-il,ARA-D 20% AIRFOIL,20.00,3.75,no,0.26,0.900
arad6-il,ARA-D 6% AIRFOIL,6.02,5.01,YES,2.93,0.500
as5045-il,AS5045 (15%),15.00,1.02,YES,1.27,0.811
as5046-il,AS5046 (16%),16.00,1.08,YES,1.04,0.808
as5048-il,AS5048 (18%),17.98,1.20,YES,0.63,0.805
august160-il,AUGUST 160,16.04,5.39,no,0.11,0.973
avistar-il,AVISTAR,14.52,2.19,no,0.10,0.908
apex16-il,Apex 16 (normalized using XFOIL date021206),12.92,2.66,YES,0.63,0.879
b29root-il,B-29 ROOT AIRFOIL,21.98,1.74,no,0.00,0.000
b29tip-il,B-29 TIP AIRFOIL,9.00,2.23,no,0.00,0.000
be50-il,BE50 (original),7.27,4.81,YES,2.14,0.550
be50sm-il,BE50 (smoothed),7.32,3.96,YES,2.04,0.569
b540ols-il,BELL 540 AIRFOIL (MODIFIED NACA 0012),9.71,0.00,no,0.00,0.909
fx69h083-il,BELL/WORTMANN FX 69-H-083 AIRFOIL,8.40,2.44,no,0.01,0.389
fx69h098-il,BELL/WORTMANN FX 69-H-098 AIRFOIL,9.89,1.74,no,0.00,0.000
boe103-il,BOEING 103 AIRFOIL,12.72,3.60,no,0.04,0.700
boe106-il,BOEING 106 AIRFOIL,13.06,3.34,no,0.00,0.000
b707a-il,BOEING 707 .08 SPAN AIRFOIL,11.43,1.30,no,0.05,0.780
b707b-il,BOEING 707 .19 SPAN AIRFOIL,12.14,0.74,no,0.00,0.000
b707c-il,BOEING 707 .40 SPAN AIRFOIL,9.58,1.90,no,0.12,0.250
b707d-il,BOEING 707 .54 SPAN AIRFOIL,8.97,2.00,no,0.01,0.900
b707e-il,BOEING 707 .99 SPAN AIRFOIL,9.01,1.78,no,0.01,0.800
b737b-il,BOEING 737 MIDSPAN AIRFOIL,12.55,1.55,no,0.04,0.931
b737c-il,BOEING 737 MIDSPAN AIRFOIL,10.00,1.45,no,0.04,0.935
b737d-il,BOEING 737 OUTBOARD AIRFOIL,10.80,1.57,no,0.05,0.900
b737a-il,BOEING 737 ROOT AIRFOIL,15.37,1.92,YES,0.35,0.832
bacj-il,BOEING AIRFOIL J (no closed TE),10.07,1.73,YES,1.38,0.860
bacxxx-il,BOEING BACXXX AIRFOIL,11.31,1.40,no,0.01,0.800
bacnlf-il,BOEING HSNLF AIRFOIL,10.08,1.40,YES,0.58,0.814
v13009-il,BOEING VERTOL V(1.95)3009-1.25 AIRFOIL,9.00,1.30,no,0.00,1.000
v13006-il,BOEING VERTOL V13006-.7 AIRFOIL,5.98,0.91,no,0.00,0.000
v43012-il,BOEING VERTOL V43012-1.58 AIRFOIL,12.04,3.67,no,0.03,0.210
v43015-il,BOEING VERTOL V43015-2.48 AIRFOIL,15.03,3.68,no,0.00,0.000
v23010-il,BOEING-VERTOL V23010-1.58 AIRFOIL,10.18,1.75,no,0.01,0.650
vr1-il,BOEING-VERTOL VR-1 AIRFOIL,10.97,1.53,no,0.05,0.946
vr11x-il,BOEING-VERTOL VR-11X AIRFOIL,10.97,2.42,no,0.00,0.000
vr12-il,BOEING-VERTOL VR-12 AIRFOIL,10.56,2.28,no,0.00,0.995
vr13-il,BOEING-VERTOL VR-13 AIRFOIL,9.45,2.04,no,0.00,0.000
vr14-il,BOEING-VERTOL VR-14 AIRFOIL,7.96,1.72,no,0.00,0.000
vr15-il,BOEING-VERTOL VR-15 AIRFOIL,7.96,1.29,no,0.00,0.000
vr5-il,BOEING-VERTOL VR-5 AIRFOIL,12.00,3.40,YES,0.32,0.890
vr7-il,BOEING-VERTOL VR-7 AIRFOIL,12.03,3.12,no,0.01,0.770
vr7b-il,BOEING-VERTOL VR-7 AIRFOIL WITH TAB,12.03,3.12,no,0.27,0.935
vr8-il,BOEING-VERTOL VR-8 AIRFOIL,8.15,1.27,no,0.08,0.965
vr8b-il,BOEING-VERTOL VR-8 AIRFOIL WITH TAB,8.15,1.27,no,0.00,0.700
vr9-il,BOEING-VERTOL VR-9 AIRFOIL,6.06,0.33,no,0.00,0.980
bambino6-il,Bambino 6,12.00,6.00,no,0.17,0.900
bw3-il,Bergey BW-3  (smoothed),5.02,5.79,YES,4.98,0.454
cap21c-il,CAP 21   (TraCFoil),15.57,0.62,no,0.09,0.992
cast102-il,CAST 10-2/DOA 2 AIRFOIL,12.18,1.54,YES,0.39,0.875
ch10sm-il,CH10 (smoothed),12.84,10.20,YES,5.45,0.608
chen-il,CHEN AIRFOIL,12.47,7.77,YES,3.18,0.226
clarkk-il,CLARK K AIRFOIL,11.70,3.26,no,0.00,0.601
clarkv-il,CLARK V AIRFOIL,11.64,3.43,no,0.00,0.950
clarkw-il,CLARK W AIRFOIL,11.22,3.76,YES,0.63,0.400
clarkx-il,CLARK X AIRFOIL,11.70,3.30,no,0.00,0.700
clarky-il,CLARK Y AIRFOIL,11.71,3.43,no,0.01,0.340
clarkyh-il,CLARK YH AIRFOIL,11.90,5.95,no,0.00,0.000
clarym15-il,CLARK YM-15 AIRFOIL,15.00,3.56,no,0.00,0.950
clarym18-il,CLARK YM-18 AIRFOIL,17.99,3.56,no,0.00,0.000
clarkys-il,CLARK YS AIRFOIL,11.70,2.35,no,0.00,0.000
clarkz-il,CLARK Z AIRFOIL,11.75,4.06,no,0.00,0.200
clarkysm-il,CLARK-Y 11.7% smoothed,11.72,3.55,no,0.01,0.750
cr1-il,CURTISS CR-1 AIRFOIL,12.21,4.71,YES,1.05,0.420
cp-100-050-gn,Cambered plate C=10% T=5% R=1.3,6.95,6.74,YES,6.51,0.438
cp-120-050-gn,Cambered plate C=12% T=5% R=1.1,6.08,9.24,YES,8.89,0.456
cp-140-050-gn,Cambered plate C=14% T=5% R=0.96,5.50,11.59,YES,11.18,0.454
cp-160-050-gn,Cambered plate C=16% T=5% R=0.86,5.12,13.84,YES,13.41,0.468
cp-180-050-gn,Cambered plate C=18% T=5% R=0.78,4.88,16.03,YES,15.58,0.469
cp-060-050-gn,Cambered plate C=6% T=5% R=2.11,10.80,4.19,YES,1.46,0.295
cp-080-050-gn,Cambered plate C=8% T=5% R=1.6,8.36,3.99,YES,4.00,0.386
coanda1-il,Coanda 1,5.65,4.17,YES,1.35,0.300
coanda2-il,Coanda 2,6.00,4.30,YES,1.30,0.300
coanda3-il,Coanda 3,7.00,4.20,YES,0.68,0.500
curtisc72-il,Curtis C-72,11.73,5.87,YES,0.91,0.700
dga1138-il,D.G.A. 1138,6.90,4.05,YES,0.60,0.300
dga1182-il,D.G.A. 1182,7.60,0.95,YES,0.51,0.400
dae11-il,DAE-11 AIRFOIL,12.83,6.62,YES,1.75,0.635
dae21-il,DAE-21 AIRFOIL,11.78,6.57,YES,2.21,0.604
dae31-il,DAE-31 AIRFOIL,11.06,6.75,YES,2.79,0.576
dae51-il,DAE-51 AIRFOIL,9.38,4.03,YES,1.05,0.683
davis-corrected-il,DAVIS BASIC B-24 WING AIRFOIL,15.90,2.48,no,0.00,0.000
defcnd2-il,DEFIANT CANARD BL110 AIRFOIL,14.73,3.81,no,0.00,0.714
defcnd3-il,DEFIANT CANARD BL145 AIRFOIL,11.48,2.38,no,0.12,0.750
defcnd1-il,DEFIANT CANARD BL20 AIRFOIL,20.92,4.46,no,0.09,0.560
du84132v-il,DELFT DU84-132V3 AIRFOIL (MEASURED),13.63,3.05,YES,1.51,0.841
df101-il,DF 101 AIRFOIL,11.00,2.31,no,0.05,0.949
df102-il,DF102,11.00,2.31,no,0.05,0.949
dfvlrr4-il,DFVLR R-4 AIRFOIL,13.38,2.10,YES,1.99,0.845
doa5-il,DORNIER A-5 AIRFOIL,16.21,2.54,YES,1.69,0.820
la203a-il,DOUGLAS LA203A AIRFOIL,15.73,5.48,YES,1.94,0.822
drgnfly-il,DRAGONFLY CANARD,19.34,6.56,no,0.04,0.751
dsma523a-il,DSMA-523A AIRFOIL,11.00,2.30,YES,2.65,0.840
dsma523b-il,DSMA-523B AIRFOIL,11.00,2.04,YES,2.77,0.840
du06-w-200-dt,DU 06-W-200  VAWT airfoil,19.78,0.63,YES,1.38,0.835
du861372-il,DU 86-137/25 AIRFOIL,13.63,0.29,YES,0.63,0.901
du8608418-il,DU86-084/18 8.44%,8.45,1.12,YES,0.37,0.925
davis-il,Davis AIRFOIL,11.25,3.69,YES,0.36,0.500
daytonwright6-il,Dayton-Wright 6,13.60,7.17,YES,0.41,0.400
daytonwrightt1-il,Dayton-Wright T-1,13.37,7.06,YES,0.68,0.400
dormoy-il,Dormoy,9.00,4.53,no,0.04,0.200
ebambino7-il,E. Bambino,6.00,3.00,no,0.00,0.950
e228-il,E10(08%),10.06,0.28,no,0.01,0.987
e168-il,E168  (12.45%),12.44,0.00,no,0.14,0.811
e169-il,E169  (14.4%),14.40,0.00,no,0.24,0.807
e174-il,E174  (Dicke 8.92%),8.92,3.84,YES,0.83,0.664
e176-il,E176  (8.83%),8.83,3.32,YES,0.45,0.721
e178-il,E178  (8.69%),8.68,2.79,no,0.13,0.726
e180-il,E180  (8.59%),8.58,2.24,no,0.01,0.987
e182-il,E182 (8.47%),8.47,1.72,no,0.00,0.988
e184-il,E184  (8.33%),8.32,1.20,no,0.00,0.997
e186-il,E186  (10.27%),10.27,1.31,no,0.01,0.997
e193-il,E193  (10.22%),10.22,3.57,YES,0.39,0.715
e195-il,E195  (11.82%),11.80,3.19,no,0.30,0.760
e197-il,E197  (13.49%),13.48,2.81,no,0.29,0.803
e201-il,E201  (11.88%),11.86,3.10,YES,0.51,0.757
e203-il,E203  (13.64%),13.61,2.67,YES,0.77,0.797
e205-il,E205  (10.48%),10.48,3.01,no,0.03,0.986
e207-il,E207  (12.04%),12.02,2.51,no,0.10,0.763
e209-il,E209  (13.72%),13.68,1.98,YES,0.34,0.802
e210-il,E210  (13.64%),13.64,4.02,YES,1.35,0.787
e211-il,E211  (10.96%),10.95,2.58,YES,1.07,0.794
e212-il,E212  (10.55%),10.56,2.93,YES,1.43,0.790
e214-il,E214  (11.1%),11.10,4.03,YES,1.52,0.789
e216-il,E216  (10.4%),10.42,5.17,YES,2.80,0.723
e220-il,E220  (11.48%),11.46,2.46,no,0.03,0.986
e221-il,E221  (9.39%),9.38,1.83,no,0.02,0.987
e222-il,E222  (10.17%),10.17,2.52,YES,0.77,0.842
e224-il,E224  (10.17%),10.17,1.75,YES,0.39,0.848
e226-il,E226  (10.19%),10.18,0.99,no,0.09,0.889
e230-il,E230  (9.96%),9.95,0.79,no,0.01,0.987
e231-il,E231,12.33,2.46,no,0.16,0.945
e374-il,E374,10.91,2.25,no,0.03,0.986
e385-il,E385  (8.41%),8.42,5.74,YES,2.69,0.642
e387-il,E387,9.07,3.80,YES,0.76,0.665
e392-il,E392  (10.15%),10.15,3.84,YES,0.98,0.756
e423-il,E423,12.52,10.03,YES,5.47,0.543
e471-il,E471  (6.25%),6.26,4.73,YES,2.62,0.645
e474-il,E474  (14.09%),14.08,0.00,no,0.06,0.968
e475-il,E475  (15.01%),15.00,0.00,no,0.11,0.967
e591-il,E591,15.66,6.48,YES,3.27,0.710
e61-il,E61  (5.64%),5.67,6.69,YES,4.57,0.569
e62-il,E62  (5.62%),5.64,5.38,YES,3.28,0.587
e63-il,E63  (4.25%),4.27,5.38,YES,4.05,0.579
e64-il,E64  (8.45%),8.44,3.32,YES,1.12,0.754
e71-il,E71  (5.15%),5.16,4.64,YES,3.07,0.644
eh0009-il,EH 0.0/9.0,9.00,0.00,no,0.06,0.922
eh1090-il,EH 1.0/9.0,8.99,1.00,no,0.04,0.965
eh1590-il,EH 1.5/9.0,8.99,1.49,no,0.04,0.965
eh2010-il,EH 2.0/10,10.08,2.00,no,0.04,0.976
eh2012-il,EH 2.0/12,11.99,1.99,no,0.05,0.965
eh2070-il,EH 2.0/7.0,7.00,1.99,no,0.04,0.232
eh2510-il,EH 2.5/10,9.99,2.49,no,0.02,0.720
eh3012-il,EH 3.0/12,11.98,3.00,no,0.00,0.970
e1098-il,EPPLER 1098 AIRFOIL,18.94,3.73,YES,1.60,0.822
e1200-il,EPPLER 1200 AIRFOIL,16.94,3.45,YES,1.25,0.866
e1210-il,EPPLER 1210 AIRFOIL,15.85,5.20,YES,1.19,0.637
e1211-il,EPPLER 1211 AIRFOIL,18.02,4.44,YES,1.42,0.682
e1213-il,EPPLER 1213 AIRFOIL,17.39,2.06,no,0.18,0.754
e1214-il,EPPLER 1214 AIRFOIL,19.77,2.13,no,0.15,0.749
e1230-il,EPPLER 1230 AIRFOIL,17.44,3.61,YES,0.45,0.740
e1233-il,EPPLER 1233 AIRFOIL,18.93,4.32,YES,1.28,0.854
e266-il,EPPLER 266 AIRFOIL,17.32,3.20,YES,0.85,0.905
e297-il,EPPLER 297 AIRFOIL,11.39,0.05,YES,0.32,0.887
e325-il,EPPLER 325 AIRFOIL,12.63,1.77,no,0.10,0.969
e326-il,EPPLER 326 AIRFOIL,12.87,2.18,no,0.16,0.945
e327-il,EPPLER 327 AIRFOIL,13.12,2.60,no,0.23,0.944
e328-il,EPPLER 328 AIRFOIL,13.34,3.05,YES,0.30,0.943
e329-il,EPPLER 329 AIRFOIL,13.54,3.55,YES,0.39,0.912
e330-il,EPPLER 330 AIRFOIL,11.03,2.18,no,0.04,0.986
e331-il,EPPLER 331 AIRFOIL,11.27,2.60,no,0.06,0.969
e332-il,EPPLER 332 AIRFOIL,11.53,3.06,no,0.09,0.969
e333-il,EPPLER 333 AIRFOIL,11.75,3.56,no,0.13,0.968
e334-il,EPPLER 334 AIRFOIL,11.94,4.04,no,0.18,0.945
e335-il,EPPLER 335 AIRFOIL,12.59,2.36,no,0.10,0.969
e336-il,EPPLER 336 AIRFOIL,12.80,2.80,no,0.13,0.968
e337-il,EPPLER 337 AIRFOIL,13.11,3.27,no,0.17,0.967
e338-il,EPPLER 338 AIRFOIL,13.30,3.75,no,0.22,0.943
e339-il,EPPLER 339 AIRFOIL,13.54,4.22,no,0.28,0.942
e340-il,EPPLER 340 AIRFOIL,13.71,2.60,no,0.13,0.968
e341-il,EPPLER 341 AIRFOIL,13.99,3.05,no,0.17,0.967
e342-il,EPPLER 342 AIRFOIL,14.26,3.51,no,0.21,0.967
e343-il,EPPLER 343 AIRFOIL,14.47,3.98,no,0.26,0.966
e344-il,EPPLER 344 AIRFOIL,14.72,4.44,YES,0.32,0.941
e360-il,EPPLER 360 AIRFOIL,12.23,1.54,no,0.11,0.918
e361-il,EPPLER 361 AIRFOIL,12.11,1.65,no,0.03,0.986
e376-il,EPPLER 376 AIRFOIL,2.48,8.93,YES,8.89,0.326
e377m-il,EPPLER 377 (MODIFIED) AIRFOIL,3.77,9.13,YES,9.18,0.326
e377-il,EPPLER 377 AIRFOIL,3.87,8.74,YES,8.49,0.372
e378-il,EPPLER 378 AIRFOIL,4.08,8.00,YES,7.68,0.385
e379-il,EPPLER 379 AIRFOIL,2.24,7.99,YES,7.48,0.342
e393-il,EPPLER 393 AIRFOIL,11.53,4.00,YES,1.36,0.794
e395-il,EPPLER 395 AIRFOIL,12.29,5.25,YES,2.18,0.733
e396-il,EPPLER 396 AIRFOIL,13.06,5.44,YES,2.07,0.732
e397-il,EPPLER 397 AIRFOIL,13.51,5.31,YES,2.00,0.731
e398-il,EPPLER 398 AIRFOIL,14.16,5.30,YES,1.95,0.731
e399-il,EPPLER 399 AIRFOIL,14.83,5.14,YES,1.99,0.778
e403-il,EPPLER 403 AIRFOIL,14.96,3.31,YES,2.17,0.816
e407-il,EPPLER 407 AIRFOIL,14.43,3.50,YES,2.17,0.816
e417-il,EPPLER 417 AIRFOIL,14.19,3.18,YES,2.16,0.815
e420-il,EPPLER 420 AIRFOIL,14.34,10.70,YES,5.68,0.535
e421-il,EPPLER 421 AIRFOIL,14.54,8.72,YES,3.89,0.498
e422-il,EPPLER 422 AIRFOIL,14.00,7.16,YES,2.55,0.526
e426-il,EPPLER 426 AIRFOIL,10.83,0.73,YES,0.36,0.809
e428-il,EPPLER 428 AIRFOIL,11.13,0.60,YES,0.36,0.809
e431-il,EPPLER 431 AIRFOIL,15.12,4.23,YES,1.11,0.867
e432-il,EPPLER 432 AIRFOIL,15.98,4.44,YES,1.10,0.866
e433-il,EPPLER 433 AIRFOIL,14.22,3.98,YES,1.14,0.867
e434-il,EPPLER 434 AIRFOIL,13.33,4.32,YES,0.54,0.911
e435-il,EPPLER 435 AIRFOIL,16.23,4.37,YES,1.83,0.818
e472-il,EPPLER 472 AIRFOIL,12.10,0.00,no,0.02,0.986
e473-il,EPPLER 473 AIRFOIL,16.19,0.00,no,0.03,0.985
e479-il,EPPLER 479 AIRFOIL,16.57,0.00,no,0.17,0.803
e485-il,EPPLER 485 AIRFOIL,12.52,1.15,no,0.22,0.917
e49-il,EPPLER 49 AIRFOIL,7.23,7.82,YES,3.44,0.448
e502-il,EPPLER 502 AIRFOIL,15.66,1.54,YES,0.38,0.879
e520-il,EPPLER 520 AIRFOIL,15.01,0.07,YES,0.59,0.843
e521-il,EPPLER 521 AIRFOIL,13.77,0.07,YES,0.47,0.883
e540-il,EPPLER 540 AIRFOIL,16.88,1.61,YES,1.06,0.866
e541-il,EPPLER 541 AIRFOIL,16.63,1.68,YES,0.96,0.904
e542-il,EPPLER 542 AIRFOIL,16.86,1.92,YES,0.86,0.905
e543-il,EPPLER 543 AIRFOIL,17.20,1.88,YES,0.97,0.868
e544-il,EPPLER 544 AIRFOIL,17.50,1.86,YES,1.08,0.868
e545-il,EPPLER 545 AIRFOIL,17.45,1.82,YES,1.22,0.826
e546-il,EPPLER 546 AIRFOIL,16.27,1.77,YES,0.99,0.870
e547-il,EPPLER 547 AIRFOIL,17.39,2.08,YES,0.92,0.870
e548-il,EPPLER 548 AIRFOIL,17.38,2.24,YES,0.97,0.870
e549-il,EPPLER 549 AIRFOIL,18.08,2.10,YES,1.20,0.827
e550-il,EPPLER 550 AIRFOIL,18.20,2.25,YES,1.25,0.827
e551-il,EPPLER 551 AIRFOIL,18.24,2.82,YES,1.43,0.779
e552-il,EPPLER 552 AIRFOIL,18.41,2.59,YES,1.49,0.779
e553-il,EPPLER 553 AIRFOIL,18.11,2.98,YES,1.67,0.776
e554-il,EPPLER 554 AIRFOIL,18.23,2.67,YES,1.73,0.776
e555-il,EPPLER 555 AIRFOIL,16.02,2.60,YES,1.85,0.777
e556-il,EPPLER 556 AIRFOIL,16.00,3.12,YES,2.11,0.773
e557-il,EPPLER 557 AIRFOIL,15.97,3.68,YES,2.38,0.769
e558-il,EPPLER 558 AIRFOIL,16.03,3.56,YES,1.54,0.734
e559-il,EPPLER 559 AIRFOIL,16.03,4.21,YES,1.98,0.728
e560-il,EPPLER 560 AIRFOIL,16.07,4.86,YES,2.46,0.721
e561-il,EPPLER 561 AIRFOIL,16.90,5.11,YES,2.33,0.721
e562-il,EPPLER 562 AIRFOIL,15.02,3.88,YES,1.96,0.728
e58-il,EPPLER 58 AIRFOIL,5.60,6.45,YES,4.41,0.600
e580-il,EPPLER 580 AIRFOIL,16.05,4.08,YES,2.31,0.818
e582-il,EPPLER 582 AIRFOIL,14.74,4.27,YES,1.02,0.905
e583-il,EPPLER 583 AIRFOIL,16.48,4.49,YES,0.85,0.905
e584-il,EPPLER 584 AIRFOIL,16.61,4.52,YES,0.82,0.903
e585-il,EPPLER 585 AIRFOIL,14.61,4.27,YES,1.07,0.869
e587-il,EPPLER 587 AIRFOIL,16.65,4.15,YES,1.77,0.860
e59-il,EPPLER 59 AIRFOIL,5.60,5.20,YES,3.39,0.600
e593-il,EPPLER 593 AIRFOIL,11.30,4.67,YES,0.55,0.399
e598-il,EPPLER 598 AIRFOIL,11.14,4.53,YES,0.49,0.399
e603-il,EPPLER 603 AIRFOIL,18.98,3.30,YES,1.44,0.861
e604-il,EPPLER 604 AIRFOIL,18.80,3.33,YES,1.55,0.860
e625-il,EPPLER 625 AIRFOIL,13.00,2.90,no,0.00,0.980
e635-il,EPPLER 635 AIRFOIL,11.63,2.88,no,0.02,0.986
e636-il,EPPLER 636 AIRFOIL,11.88,3.18,no,0.02,0.986
e637-il,EPPLER 637 AIRFOIL,12.10,3.55,no,0.02,0.986
e638-il,EPPLER 638 AIRFOIL,12.35,4.42,no,0.02,0.986
e639-il,EPPLER 639 AIRFOIL,12.56,4.80,no,0.03,0.986
e642-il,EPPLER 642 AIRFOIL,15.07,3.12,YES,0.59,0.910
e654-il,EPPLER 654 AIRFOIL,17.21,4.83,YES,1.41,0.864
e655-il,EPPLER 655 AIRFOIL,17.32,4.01,YES,1.10,0.866
e656-il,EPPLER 656 AIRFOIL,16.21,4.82,YES,0.92,0.906
e657-il,EPPLER 657 AIRFOIL,15.57,4.66,YES,0.93,0.906
e66-il,EPPLER 66 AIRFOIL,10.12,3.98,YES,1.39,0.743
e664-il,EPPLER 664 AIRFOIL,16.60,2.76,YES,1.14,0.903
e668-il,EPPLER 668 AIRFOIL,13.90,3.98,YES,1.02,0.869
e67-il,EPPLER 67 AIRFOIL,11.63,3.65,YES,1.04,0.791
e678-il,EPPLER 678 AIRFOIL,15.08,5.22,YES,1.73,0.860
e68-il,EPPLER 68 AIRFOIL,13.10,3.34,YES,0.76,0.835
e682-il,EPPLER 682 AIRFOIL,15.30,3.03,YES,0.72,0.907
e694-il,EPPLER 694 AIRFOIL,15.43,4.96,YES,1.72,0.896
e715-il,EPPLER 715 AIRFOIL,15.04,2.80,YES,0.94,0.656
e748-il,EPPLER 748 AIRFOIL,19.71,4.58,YES,2.85,0.763
e793-il,EPPLER 793 AIRFOIL,15.63,4.04,YES,1.58,0.783
e817-il,EPPLER 817 HYDROFOIL AIRFOIL,10.98,2.88,YES,1.50,0.788
e818-il,EPPLER 818 HYDROFOIL AIRFOIL,9.37,2.79,YES,1.52,0.792
e855-il,EPPLER 855 AIRFOIL,15.72,3.78,YES,1.42,0.782
e856-il,EPPLER 856 AIRFOIL,18.15,4.25,YES,1.48,0.776
e857-il,EPPLER 857 AIRFOIL,20.31,4.69,YES,1.57,0.769
e858-il,EPPLER 858 AIRFOIL,22.69,4.85,YES,1.59,0.764
e862-il,EPPLER 862 STRUT AIRFOIL,32.37,0.00,YES,0.31,0.779
e863-il,EPPLER 863 STRUT AIRFOIL,35.73,0.00,no,0.12,0.776
e864-il,EPPLER 864 STRUT AIRFOIL,38.83,0.06,no,0.01,0.940
e874-il,EPPLER 874 HYDROFOIL AIRFOIL,7.90,0.95,no,0.02,0.992
e904-il,EPPLER 904 AIRFOIL,9.00,1.34,no,0.16,0.935
e908-il,EPPLER 908 AIRFOIL,9.00,2.77,YES,0.76,0.832
e1212-il,EPPLER E1212 AIRFOIL,17.68,3.21,YES,0.75,0.745
e1212mod-il,EPPLER E1212MOD AIRFOIL,17.72,2.61,YES,0.45,0.750
e662-il,EPPLER E662 AIRFOIL,15.02,4.08,YES,1.23,0.902
e836-il,EPPLER E836 HYDROFOIL AIRFOIL,12.64,0.00,no,0.21,0.886
e837-il,EPPLER E837 HYDROFOIL AIRFOIL,16.11,0.00,YES,0.36,0.843
e838-il,EPPLER E838 HYDROFOIL AIRFOIL,18.37,0.00,YES,0.46,0.878
e850-il,EPPLER E850 AIRFOIL,7.98,1.83,YES,0.85,0.804
e851-il,EPPLER E851 AIRFOIL,9.02,2.35,YES,0.99,0.800
e852-il,EPPLER E852 AIRFOIL,10.07,2.79,YES,1.12,0.797
e853-il,EPPLER E853 AIRFOIL,11.60,3.05,YES,1.36,0.792
e854-il,EPPLER E854 AIRFOIL,13.41,3.25,YES,1.36,0.788
ea61009-il,EPPLER EA 6(-1)-009 AIRFOIL,9.00,0.00,YES,0.36,0.900
ea61012-il,EPPLER EA 6(-1)-012 AIRFOIL,12.00,0.00,YES,0.42,0.800
ea81006-il,EPPLER EA 8(-1)-006 AIRFOIL,6.00,0.00,no,0.01,0.950
ec863914-il,EPPLER EC 86(-3)-914 AIRFOIL,14.25,4.39,YES,2.76,0.842
ste87391-il,EPPLER STE 87(-3)-914 AIRFOIL,14.56,4.42,YES,1.47,0.860
ste87151-il,EPPLER STE 871-514 AIRFOIL,13.93,2.64,YES,1.08,0.867
stf86361-il,EPPLER STF 863-615 AIRFOIL,14.65,4.56,YES,1.98,0.819
esa40-il,ESA40,10.72,2.01,no,0.03,0.991
eh1070-il,Eh 1.0/7.0,7.00,1.00,no,0.03,0.976
eiffel10-il,Eiffel 10 (Wright) - 1903 Wright Flyer airfoil,2.64,6.22,YES,5.27,0.400
eiffel371-il,Eiffel 371 (Monge),14.40,7.27,YES,0.65,0.600
eiffel385-il,Eiffel 385 (S.T. Ae),13.35,7.54,YES,1.72,0.600
eiffel428-il,Eiffel 428 (Bleriot),8.95,5.10,YES,0.80,0.500
eiffel430-il,Eiffel 430 (Lachassgne),9.69,6.30,YES,1.60,0.300
fauvel-il,FAUVEL 14% AIRFOIL,13.99,2.54,no,0.00,0.300
fx38153-il,FX 38-153 AIRFOIL,15.54,2.14,YES,1.36,0.896
fx601001-il,FX 60-100 (126) AIRFOIL,10.12,3.58,YES,2.27,0.691
fx60100-il,FX 60-100 AIRFOIL,10.00,3.56,YES,2.13,0.721
fx60157-il,FX 60-157 AIRFOIL,15.67,2.72,YES,1.73,0.876
fx60160-il,FX 60-160 AIRFOIL,15.60,3.08,YES,1.54,0.800
fx60177-il,FX 60-177 AIRFOIL,17.72,2.72,YES,1.91,0.876
fx61140-il,FX 61-140 AIRFOIL,13.98,2.46,YES,2.06,0.854
fx61147-il,FX 61-147 AIRFOIL,14.77,3.18,YES,2.01,0.830
fx61163-il,FX 61-163 AIRFOIL,16.35,2.56,YES,1.84,0.854
fx61168-il,FX 61-168 AIRFOIL,16.81,2.99,YES,1.94,0.854
fx61184-il,FX 61-184 AIRFOIL,18.37,3.09,YES,2.10,0.830
fx62k153-il,FX 62-K-153/20 AIRFOIL,15.27,4.08,YES,2.16,0.830
fx63100-il,FX 63-100 AIRFOIL,9.93,4.34,YES,2.41,0.804
fx63110-il,FX 63-110 AIRFOIL,11.00,4.34,YES,2.42,0.804
fx63120-il,FX 63-120 AIRFOIL,12.01,5.24,YES,2.89,0.804
fx63137sm-il,FX 63-137 13.7% smoothed,13.67,5.95,YES,3.32,0.750
fx63143-il,FX 63-143 AIRFOIL,14.32,3.09,YES,0.65,0.948
fx63145-il,FX 63-145 AIRFOIL,14.47,4.04,YES,2.06,0.804
fx63147-il,FX 63-147 AIRFOIL,14.75,3.13,YES,1.58,0.916
fx63158-il,FX 63-158 AIRFOIL,15.81,3.77,YES,2.29,0.854
fx6617a2-il,FX 66-17AII-182 AIRFOIL,18.20,3.80,YES,1.26,0.778
fx66182-il,FX 66-182 AIRFOIL,18.20,3.80,YES,1.26,0.778
fx66h60-il,FX 66-H-60,6.02,1.68,no,0.06,0.933
fx66h80-il,FX 66-H-80,8.00,2.47,no,0.01,0.999
fx66s161-il,FX 66-S-161 AIRFOIL,16.12,3.91,YES,1.21,0.750
fx66s171-il,FX 66-S-171 AIRFOIL,17.11,3.88,YES,1.24,0.750
fx66s196-il,FX 66-S-196 AIRFOIL,19.63,3.78,YES,1.41,0.804
fx66196v-il,FX 66-S-196 V1 AIRFOIL,19.57,4.01,YES,1.40,0.804
fx67k150-il,FX 67-K-150/17 AIRFOIL,14.98,4.83,YES,0.65,0.876
fx67k170-il,FX 67-K-170/17 AIRFOIL,17.01,5.07,YES,0.69,0.876
fx68h120-il,FX 68-H-120,11.81,2.31,no,0.00,0.000
fx69pr281-il,FX 69-PR-281,28.13,5.61,YES,2.68,0.750
fx711520-il,FX 71-L-150/20 AIRFOIL,15.00,0.00,YES,0.96,0.804
fx711525-il,FX 71-L-150/25 AIRFOIL,15.00,0.00,YES,0.75,0.778
fx711530-il,FX 71-L-150/30 AIRFOIL,15.00,0.00,YES,0.64,0.778
fx71l150-il,FX 71-L-150/30 AIRFOIL,15.00,0.00,YES,0.64,0.778
fx72ls160-il,FX 72-LS-160,16.01,8.24,YES,1.48,0.629
fx73cl1152-il,FX 73-CL1-152,15.22,6.09,YES,2.15,0.598
fx73cl2152-il,FX 73-CL2-152,15.22,6.63,YES,4.02,0.721
fx73cl3152-il,FX 73-CL3-152,15.22,8.01,YES,4.70,0.661
fx73k170-il,FX 73-K-170/22,17.08,4.59,YES,1.71,0.804
fx74130wp1-il,FX 74-130 WP1,13.01,3.82,YES,0.96,0.897
fx74cl6140-il,FX 74-CL6-140,14.05,7.14,YES,2.35,0.778
fx74modsm-il,FX 74-Cl5-140 MOD  (smoothed),13.08,9.72,YES,5.31,0.646
fx75vg166-il,FX 75-VG-166/22,16.73,2.43,YES,1.27,0.876
fx76mp120-il,FX 76-MP-120,12.11,7.57,YES,2.82,0.629
fx76mp140-il,FX 76-MP-140,14.11,7.12,YES,2.12,0.778
fx76mp160-il,FX 76-MP-160,16.15,6.06,YES,1.82,0.854
fx77w121-il,FX 77-W-121,12.10,4.62,no,0.07,0.533
fx77w270-il,FX 77-W-270,27.12,4.34,YES,1.47,0.830
fx77w270s-il,FX 77-W-270S,27.11,4.32,YES,0.59,0.750
fx78k140a20-il,FX 78-K-140 A/20,14.09,4.38,YES,0.57,0.916
fx78k140-il,FX 78-K-140/20,14.09,4.38,no,0.00,0.876
fx78k150-il,FX 78-K-150/20,15.11,4.33,YES,0.51,0.916
fx78k161-il,FX 78-K-161,16.16,2.84,YES,0.57,0.916
fx78pk188-il,FX 78-PK-188/20,18.81,2.37,YES,0.81,0.876
fx79l100-il,FX 79-L-100,10.07,0.00,no,0.21,0.830
fx79l120-il,FX 79-L-120,12.07,0.00,no,0.26,0.830
fx79w151a-il,FX 79-W-151 A,15.16,3.78,no,0.02,0.983
fx79w660a-il,FX 79-W-660A,66.39,2.32,YES,0.52,0.804
fx83w108-il,FX 83-W-108,10.87,4.24,YES,1.62,0.691
fx83w160-il,FX 83-W-160,16.05,3.89,YES,1.60,0.778
fx83w227-il,FX 83-W-227,22.64,3.44,no,0.11,0.830
fx84w097-il,FX 84-W-097,9.74,2.82,no,0.19,0.916
fx84w127-il,FX 84-W-127,12.75,3.74,YES,0.40,0.897
fx84w140-il,FX 84-W-140,14.08,4.21,YES,0.50,0.897
fx84w150-il,FX 84-W-150,14.99,4.28,YES,0.52,0.897
fx84w175-il,FX 84-W-175,17.61,4.37,YES,0.64,0.897
fx84w218-il,FX 84-W-218,21.96,3.23,YES,0.63,0.897
fxl142k-il,FX LIII-142 K 25 AIRFOIL,14.20,0.00,YES,0.43,0.830
fxs02196-il,FX S 02-196 AIRFOIL,19.59,3.74,YES,1.64,0.804
fxs21158-il,FX S 02/1-158 AIRFOIL,15.78,3.50,YES,1.83,0.750
fxs03182-il,FX S 03-182 AIRFOIL,18.21,2.85,YES,1.55,0.854
fx60100sm-il,FX60-100 10.0% smoothed,9.98,3.55,YES,2.11,0.750
fx74cl5140-il,FX74_CL5_140,14.05,9.94,YES,4.69,0.721
fg1-il,Fage & Collins 1,8.17,4.08,no,0.00,0.000
fg2-il,Fage & Collins 2,8.16,4.08,no,0.00,0.000
fg3-il,Fage & Collins 3,10.14,5.07,no,0.00,0.000
fg4-il,Fage & Collins 4,12.70,6.35,no,0.00,0.000
falcon-il,Falcon,13.68,1.57,no,0.05,0.931
geminism-il,GEMINI (smoothed),15.38,2.20,no,0.05,0.950
giiia-il,GIII BL0 AIRFOIL,11.01,0.75,no,0.00,1.000
giiie-il,GIII BL126 AIRFOIL,8.78,1.19,no,0.00,0.000
giiif-il,GIII BL145 AIRFOIL,8.26,1.30,no,0.00,0.950
giiig-il,GIII BL167 AIRFOIL,8.29,1.30,no,0.00,0.950
giiih-il,GIII BL207 AIRFOIL,8.32,1.30,no,0.00,0.800
giiii-il,GIII BL288 AIRFOIL,8.45,1.33,no,0.00,0.750
giiij-il,GIII BL332 AIRFOIL,8.49,1.39,no,0.00,0.850
giiik-il,GIII BL369 AIRFOIL,8.53,1.50,no,0.00,0.800
giiil-il,GIII BL387 AIRFOIL,8.55,1.58,no,0.00,0.850
giiim-il,GIII BL430 AIRFOIL,8.51,1.86,no,0.03,0.249
giiib-il,GIII BL45 AIRFOIL,10.44,0.81,no,0.00,1.000
giiin-il,GIII BL450 AIRFOIL,8.42,2.08,no,0.15,0.249
giiic-il,GIII BL75 AIRFOIL,9.93,0.92,no,0.00,1.000
giiid-il,GIII BL86 AIRFOIL (modified line 31),9.71,0.97,no,0.00,1.000
gm15sm-il,GM15 (smoothed),6.74,4.76,YES,3.29,0.569
goe100-il,GOE 100 (SOPWITH) AIRFOIL,6.57,3.59,YES,1.08,0.400
goe101-il,GOE 101 AIRFOIL,6.90,3.96,YES,1.20,0.500
goe10k-il,GOE 10K AIRFOIL,3.85,1.42,no,0.00,0.700
goe113-il,GOE 113 AIRFOIL,6.65,3.09,no,0.20,0.600
goe114-il,GOE 114 (MVA MK.1) AIRFOIL,9.55,3.50,YES,1.35,0.600
goe115-il,GOE 115 (MVA MK.2) AIRFOIL,9.71,3.73,YES,1.34,0.600
goe116-il,GOE 116 (MVA MK.3) AIRFOIL,9.32,4.08,YES,1.26,0.500
goe117-il,GOE 117 (MVA MK.4) AIRFOIL,9.00,4.57,YES,1.54,0.500
goe118-il,GOE 118 (MVA MK.7) AIRFOIL,8.64,5.73,YES,2.25,0.500
goe11k-il,GOE 11K AIRFOIL,7.45,2.74,no,0.00,0.900
goe121-il,GOE 121 (MVA H.1) AIRFOIL,6.65,4.60,YES,2.71,0.400
goe122-il,GOE 122 (MVA H.2) AIRFOIL,7.30,4.06,YES,1.11,0.400
goe123-il,GOE 123 AIRFOIL,5.40,5.70,YES,3.54,0.400
goe124-il,GOE 124 (MVA H.4) AIRFOIL,7.92,5.56,YES,2.64,0.500
goe12k-il,GOE 12K AIRFOIL,11.10,4.08,no,0.00,0.400
goe133-il,GOE 133 (MVA H.11) AIRFOIL,7.90,4.32,YES,1.05,0.500
goe134-il,GOE 134 (MVA H.12) AIRFOIL,9.45,4.10,no,0.00,0.200
goe137-il,GOE 137 (MVA H.15) AIRFOIL,8.59,4.42,YES,1.06,0.400
goe13k-il,GOE 13K AIRFOIL,14.80,5.45,no,0.00,0.400
goe14-il,GOE 14 AIRFOIL,9.90,6.93,YES,3.30,0.300
goe140-il,GOE 140 (MVA H.17) AIRFOIL,8.78,5.29,YES,1.86,0.400
goe142-il,GOE 142 (MVA H.19) AIRFOIL,6.16,3.85,YES,1.51,0.350
goe143-il,GOE 143 (MVA H.20) AIRFOIL,7.44,3.79,YES,1.27,0.400
goe144-il,GOE 144 (MVA H.21) AIRFOIL,7.31,4.72,YES,2.34,0.400
goe147-il,GOE 147 (MVA H.6) AIRFOIL,7.55,3.76,YES,1.81,0.400
goe14k-il,GOE 14K AIRFOIL,12.00,2.70,no,0.00,0.000
goe15-il,GOE 15 AIRFOIL,9.00,7.75,YES,4.33,0.299
goe155-il,GOE 155 (SSW D.1) AIRFOIL,7.02,5.28,YES,2.49,0.400
goe15k-il,GOE 15K AIRFOIL,15.00,3.38,no,0.00,0.000
goe164-il,GOE 164 (MVA MK.10) AIRFOIL,8.87,6.64,YES,3.98,0.500
goe165-il,GOE 165 (MVA MK.11) AIRFOIL,12.11,5.74,YES,3.94,0.599
goe167-il,GOE 167 (V.KARMAN PROP.2) AIRFOIL,10.09,4.54,YES,0.53,0.400
goe16k-il,GOE 16K AIRFOIL,18.15,4.08,no,0.00,0.400
goe173-il,GOE 173 (ALBATROS 6020) AIRFOIL,7.76,5.91,YES,2.65,0.400
goe174-il,GOE 174 (ALBATROS 5020) AIRFOIL,8.59,5.57,YES,2.24,0.400
goe176-il,GOE 176 (ALBATROS 7020) AIRFOIL,10.34,5.55,YES,2.71,0.500
goe177-il,GOE 177 AIRFOIL,7.70,5.06,YES,2.30,0.400
goe178-il,GOE 178 AIRFOIL,8.50,4.40,YES,1.60,0.500
goe180-il,GOE 180 (MVA H.26) AIRFOIL,8.67,4.44,YES,1.15,0.400
goe182-il,GOE 182 (MVA H.27) AIRFOIL,9.45,5.26,YES,2.72,0.500
goe184-il,GOE 184 (MVA H.29) AIRFOIL,8.30,5.29,YES,2.51,0.400
goe187-il,GOE 187 (SCHTTE-LANZ 2U10) AIRFOIL,8.28,4.84,YES,1.00,0.500
goe188-il,GOE 188 (SCHTTE-LANZ 3U10) AIRFOIL,8.94,4.39,no,0.00,0.950
goe190-il,GOE 190 (MVA MK.18) AIRFOIL,12.65,5.92,YES,4.07,0.599
goe195-il,GOE 195 AIRFOIL,8.60,5.10,YES,3.10,0.600
goe198-il,GOE 198 (L.F.G. 5294) AIRFOIL,7.77,6.52,YES,3.75,0.400
goe199-il,GOE 199 (L.F.G. 5406) AIRFOIL,7.33,5.18,YES,2.27,0.400
goe207-il,GOE 207 (AVIATIK V8) AIRFOIL,8.78,6.63,YES,3.43,0.300
goe210-il,GOE 210 (DAIMLER) AIRFOIL,6.63,4.34,YES,1.51,0.500
goe217-il,GOE 217 (MVA MK.12) AIRFOIL,18.99,6.32,YES,5.07,0.698
goe222-il,GOE 222 (MVA H.33) AIRFOIL,18.54,7.17,YES,3.21,0.699
goe223-il,GOE 223 (MVA H.34) AIRFOIL,18.81,5.70,YES,2.75,0.700
goe225-il,GOE 225 (MVA H.35) AIRFOIL,12.82,7.63,YES,4.85,0.599
goe226-il,GOE 226 (MVA H.36) AIRFOIL,13.88,8.08,YES,4.70,0.599
goe227-il,GOE 227 (MVA H.37) AIRFOIL,14.60,7.85,YES,4.30,0.600
goe228-il,GOE 228 (MVA H.38) AIRFOIL,17.88,7.00,YES,3.15,0.699
goe229-il,GOE 229 (MVA H.39) AIRFOIL,19.34,5.91,YES,2.80,0.700
goe233-il,GOE 233 (MVA CA4) AIRFOIL,11.62,8.21,YES,6.70,0.599
goe234-il,GOE 234 (MVA CA5) AIRFOIL,14.25,9.16,YES,7.54,0.598
goe235-il,GOE 235 (SCHTTE-LANZ) AIRFOIL,6.54,3.54,YES,1.54,0.400
goe238-il,GOE 238 (HANSA-BRANDENBURG) AIRFOIL,9.81,5.51,YES,1.70,0.300
goe239-il,GOE 239 (MVA H.31) AIRFOIL,11.22,6.02,YES,2.82,0.600
goe240-il,GOE 240 (KOLLER) AIRFOIL,7.00,5.16,YES,2.35,0.400
goe241-il,GOE 241 (MVA PR.1) AIRFOIL,18.88,8.38,YES,4.74,0.699
goe242-il,GOE 242 (MVA PR.2) AIRFOIL,16.18,7.51,YES,5.00,0.699
goe243-il,GOE 243 (MVA PR.3) AIRFOIL,19.01,8.40,YES,6.00,0.698
goe244-il,GOE 244 (MVA PR.4) AIRFOIL,17.68,9.99,YES,6.00,0.699
goe255-il,GOE 255 (MVA CA.6) AIRFOIL,18.52,4.85,YES,0.75,0.701
goe256-il,GOE 256 (JUNKERS E) AIRFOIL,15.99,4.71,no,0.02,0.950
goe257-il,GOE 257 AIRFOIL,8.83,4.08,YES,0.58,0.400
goe264-il,GOE 264 AIRFOIL,6.44,5.65,YES,3.47,0.300
goe265-il,GOE 265 AIRFOIL,7.66,7.26,YES,4.80,0.400
goe269-il,GOE 269 AIRFOIL,6.59,5.02,YES,2.90,0.400
goe274-il,GOE 274 (DAIMLER V) AIRFOIL,8.65,4.85,YES,1.55,0.400
goe275-il,GOE 275 (DAIMLER VI) AIRFOIL,7.73,4.71,YES,1.55,0.400
goe276-il,GOE 276 (DAIMLER VII) AIRFOIL,7.26,4.03,YES,1.31,0.500
goe277-il,GOE 277 (DAIMLER VIII) AIRFOIL,8.34,4.39,YES,1.08,0.500
goe278-il,GOE 278 (DAIMLER IX) AIRFOIL,7.44,4.26,YES,1.15,0.300
goe279-il,GOE 279 (DAIMLER X) AIRFOIL,7.43,4.73,YES,1.50,0.400
goe280-il,GOE 280 (DAIMLER XI) AIRFOIL,7.93,4.55,YES,1.17,0.300
goe281-il,GOE 281 (DAIMLER XII) AIRFOIL,8.04,4.55,YES,1.32,0.400
goe282-il,GOE 282 (DAIMLER XIII) AIRFOIL,9.12,5.02,YES,1.73,0.400
goe284-il,GOE 284 AIRFOIL,17.65,5.13,no,0.00,0.302
goe285-il,GOE 285 AIRFOIL,11.73,3.72,no,0.00,0.250
goe286-il,GOE 286 AIRFOIL,9.35,4.10,YES,0.65,0.400
goe287-il,GOE 287 AIRFOIL,8.87,4.88,YES,1.24,0.400
goe288-il,GOE 288 AIRFOIL,17.39,5.52,YES,1.94,0.600
goe289-il,GOE 289 (MVA 289) AIRFOIL,16.80,6.12,YES,0.95,0.700
goe290-il,GOE 290 (MVA 290) AIRFOIL,17.56,3.87,no,0.00,0.403
goe298-il,GOE 298 AIRFOIL,12.83,4.53,YES,1.48,0.401
goe29b-il,GOE 29B AIRFOIL,9.43,6.54,YES,3.34,0.400
goe300-il,GOE 300 (FRIEDRICHSHAFEN G20) AIRFOIL,8.43,6.68,YES,3.17,0.300
goe301-il,GOE 301 (FRIEDRICHSHAFEN G 13) AIRFOIL,9.95,6.49,YES,2.50,0.400
goe303-il,GOE 303 (FRIEDRICHSHAFEN G03) AIRFOIL,9.84,5.88,YES,1.97,0.400
goe304-il,GOE 304 (FRIEDRICHSHAFEN G02) AIRFOIL,8.99,6.32,YES,3.00,0.400
goe308-il,GOE 308 (MVA H.40) AIRFOIL,8.09,5.04,YES,1.90,0.300
goe309-il,GOE 309 (MVA H.41) AIRFOIL,8.43,4.67,YES,1.50,0.300
goe310-il,GOE 310 (MVA H.42) AIRFOIL,8.15,4.81,YES,2.08,0.400
goe311-il,GOE 311 (MVA H.43) AIRFOIL,8.44,6.07,YES,2.92,0.400
goe314-il,GOE 314 (HANSA-BRANDENBURG) AIRFOIL,8.04,4.69,YES,1.70,0.300
goe315-il,GOE 315 (HANSA-BRANDENBURG III.5) AIRFOIL,8.08,4.10,YES,0.80,0.300
goe316-il,GOE 316 (HANSA-BRANDENBURG IV.5) AIRFOIL,9.08,4.24,YES,0.66,0.200
goe318-il,GOE 318 (HANSA-BRANDENBURG VI.5) AIRFOIL,9.13,4.32,YES,0.70,0.300
goe319-il,GOE 319 (HANSA-BRANDENBURG II) AIRFOIL,10.25,5.75,YES,1.70,0.300
goe320-il,GOE 320 (HANSA-BRANDENBURG II.1) AIRFOIL,12.33,6.18,YES,1.59,0.300
goe321-il,GOE 321 (HANSA-BRANDENBURG III.1) AIRFOIL,11.16,5.14,YES,0.75,0.300
goe322-il,GOE 322 (HANSA-BRANDENBURG IV.1) AIRFOIL,13.07,6.02,YES,0.80,0.300
goe323-il,GOE 323 (HANSA-BRANDENBURG V.1) AIRFOIL,11.05,5.17,YES,0.85,0.300
goe324-il,GOE 324 (HANSA-BRANDENBURG) AIRFOIL,13.14,5.95,YES,0.64,0.400
goe325-il,GOE 325 (PFALZ 54) AIRFOIL,8.20,4.67,YES,1.36,0.400
goe326-il,GOE 326 (PFALZ 55) AIRFOIL,8.18,4.72,YES,1.55,0.400
goe328-il,GOE 328 AIRFOIL,8.20,4.35,YES,1.30,0.400
goe329-il,GOE 329 (PFALZ 58) AIRFOIL,10.16,5.53,YES,1.45,0.400
goe330-il,GOE 330 (PFALZ 59) AIRFOIL,10.21,5.76,YES,1.70,0.500
goe331-il,GOE 331 (PFALZ 60) AIRFOIL,10.64,6.87,YES,2.29,0.300
goe332-il,GOE 332 (PFALZ 61) AIRFOIL,11.79,6.36,YES,1.70,0.400
goe335-il,GOE 335 (D.F.W.) AIRFOIL,6.85,4.80,YES,2.15,0.400
goe336-il,GOE 336 (MVA H.44) AIRFOIL,8.95,5.40,YES,2.00,0.300
goe342-il,GOE 342 AIRFOIL,5.40,6.22,YES,4.20,0.400
goe344-il,GOE 344 (PFALZ 71) AIRFOIL,7.20,2.71,YES,1.09,0.400
goe346-il,GOE 346 (FRIEDRICHSHAFEN-STAAKEN) AIRFOIL,5.74,3.79,YES,1.72,0.300
goe358-il,GOE 358 AIRFOIL,10.87,5.70,YES,3.96,0.600
goe359-il,GOE 359 AIRFOIL,7.80,5.88,YES,2.65,0.400
goe360-il,GOE 360 AIRFOIL,9.68,5.86,YES,1.85,0.400
goe361-il,GOE 361 AIRFOIL,6.80,5.53,YES,3.20,0.500
goe362-il,GOE 362 AIRFOIL,6.60,5.29,YES,2.95,0.500
goe363-il,GOE 363 AIRFOIL,11.07,5.72,YES,1.61,0.400
goe364-il,GOE 364 AIRFOIL,10.80,6.51,YES,1.76,0.400
goe365-il,GOE 365 AIRFOIL,11.70,5.14,no,0.00,0.950
goe366-il,GOE 366 AIRFOIL,13.15,7.25,YES,1.91,0.400
goe367-il,GOE 367 AIRFOIL,16.28,4.60,no,0.05,0.950
goe368-il,GOE 368 AIRFOIL,7.71,3.80,YES,1.80,0.400
goe369-il,GOE 369 AIRFOIL,5.85,5.45,YES,2.65,0.400
goe370-il,GOE 370 AIRFOIL,4.65,5.74,YES,3.85,0.400
goe371-il,GOE 371 AIRFOIL,6.95,4.61,YES,1.90,0.500
goe372-il,GOE 372 AIRFOIL,6.20,4.31,YES,2.15,0.500
goe373-il,GOE 373 AIRFOIL,6.50,5.07,YES,2.65,0.400
goe374-il,GOE 374 AIRFOIL,6.45,4.52,YES,1.59,0.400
goe375-il,GOE 375 AIRFOIL,6.50,4.48,YES,1.51,0.300
goe376-il,GOE 376 AIRFOIL,6.60,4.95,YES,2.28,0.400
goe377-il,GOE 377 AIRFOIL,6.45,3.89,YES,1.23,0.400
goe379-il,GOE 379 AIRFOIL,6.45,5.24,YES,2.45,0.400
goe380-il,GOE 380 AIRFOIL,6.55,5.60,YES,2.50,0.300
goe381-il,GOE 381 AIRFOIL,6.38,5.76,YES,2.97,0.400
goe382-il,GOE 382 AIRFOIL,20.03,6.03,no,0.00,0.950
goe383-il,GOE 383 AIRFOIL,20.18,4.98,no,0.00,0.951
goe384-il,GOE 384 AIRFOIL,19.56,6.85,no,0.00,0.900
goe385-il,GOE 385 AIRFOIL,9.89,4.14,no,0.00,0.950
goe386-il,GOE 386 AIRFOIL,20.26,5.44,no,0.00,0.901
goe387-il,GOE 387 AIRFOIL,14.85,5.52,YES,0.47,0.600
goe388-il,GOE 388 AIRFOIL,10.20,5.43,YES,1.61,0.500
goe389-il,GOE 389 AIRFOIL,10.33,3.97,YES,0.65,0.600
goe390-il,GOE 390 AIRFOIL,20.31,6.90,YES,0.64,0.601
goe391-il,GOE 391 AIRFOIL,5.10,3.21,YES,0.97,0.300
goe392-il,GOE 392 AIRFOIL,10.15,4.84,YES,1.20,0.700
goe393-il,GOE 393 AIRFOIL,6.08,4.21,YES,2.32,0.400
goe394-il,GOE 394 AIRFOIL,6.11,5.88,YES,4.17,0.500
goe395-il,GOE 395 AIRFOIL,6.11,6.98,YES,5.35,0.499
goe396-il,GOE 396 AIRFOIL,4.70,5.77,YES,3.76,0.400
goe397-il,GOE 397 AIRFOIL,5.10,3.96,YES,1.91,0.400
goe398-il,GOE 398 AIRFOIL,13.85,4.85,YES,0.33,0.600
goe399-il,GOE 399 AIRFOIL,6.90,4.22,YES,1.49,0.400
goe400-il,GOE 400 AIRFOIL,6.12,4.89,YES,3.05,0.400
goe401-il,GOE 401 AIRFOIL,7.10,4.86,YES,2.19,0.300
goe402-il,GOE 402 AIRFOIL,6.80,5.73,YES,2.84,0.400
goe403-il,GOE 403 AIRFOIL,6.65,4.32,YES,1.90,0.500
goe404-il,GOE 404 AIRFOIL,13.19,4.96,YES,0.64,0.300
goe405-il,GOE 405 AIRFOIL,11.10,6.54,YES,2.05,0.400
goe406-il,GOE 406 AIRFOIL,11.69,5.53,YES,1.04,0.300
goe407-il,GOE 407 AIRFOIL,9.46,4.78,YES,1.23,0.300
goe408-il,GOE 408 AIRFOIL,7.75,4.14,YES,1.27,0.300
goe409-il,GOE 409 AIRFOIL,12.70,0.00,no,0.10,0.950
goe410-il,GOE 410 AIRFOIL,16.10,0.00,YES,0.32,0.800
goe411-il,GOE 411 AIRFOIL,13.20,0.00,no,0.00,0.000
goe412-il,GOE 412 AIRFOIL,13.13,5.10,YES,0.53,0.600
goe413-il,GOE 413 AIRFOIL,16.35,4.65,YES,1.40,0.700
goe414-il,GOE 414 AIRFOIL,13.61,5.25,YES,0.59,0.500
goe415-il,GOE 415 AIRFOIL,8.47,3.66,YES,0.75,0.500
goe416a-il,GOE 416A AIRFOIL,11.66,1.33,YES,0.96,0.701
goe417-il,GOE 417 AIRFOIL,6.00,6.13,YES,3.87,0.400
goe417a-il,GOE 417A (GEW. PLATTE) AIRFOIL,3.20,5.90,YES,5.30,0.400
goe418-il,GOE 418 AIRFOIL,12.70,5.08,YES,1.50,0.500
goe419-il,GOE 419 AIRFOIL,5.30,4.40,YES,1.75,0.400
goe420-il,GOE 420 AIRFOIL,18.75,4.30,YES,0.75,0.700
goe421-il,GOE 421 AIRFOIL,19.01,8.11,YES,2.09,0.600
goe422-il,GOE 422 AIRFOIL,17.07,6.51,YES,0.64,0.800
goe423-il,GOE 423 AIRFOIL,16.94,5.06,no,0.03,0.601
goe424-il,GOE 424 AIRFOIL,19.93,4.78,no,0.00,0.951
goe425-il,GOE 425 AIRFOIL,16.02,4.54,YES,0.44,0.701
goe426-il,GOE 426 AIRFOIL,13.60,4.55,YES,0.90,0.800
goe427-il,GOE 427 AIRFOIL,4.60,5.70,YES,3.55,0.400
goe428-il,GOE 428 AIRFOIL,7.90,5.22,YES,2.05,0.500
goe429-il,GOE 429 AIRFOIL,11.38,0.19,YES,0.46,0.800
goe430-il,GOE 430 AIRFOIL,13.38,4.82,YES,2.65,0.699
goe431-il,GOE 431 AIRFOIL,11.80,7.22,YES,4.80,0.600
goe432-il,GOE 432 AIRFOIL,7.70,4.33,YES,1.55,0.500
goe433-il,GOE 433 AIRFOIL,17.42,4.85,YES,2.26,0.700
goe434-il,GOE 434 AIRFOIL,22.75,5.18,YES,2.42,0.800
goe435-il,GOE 435 AIRFOIL,26.05,4.66,YES,2.50,0.800
goe436-il,GOE 436 AIRFOIL,11.00,3.75,no,0.00,0.400
goe437-il,GOE 437 AIRFOIL,7.05,4.80,YES,2.00,0.500
goe438-il,GOE 438 AIRFOIL,11.00,3.77,no,0.00,0.600
goe439-il,GOE 439 AIRFOIL,7.90,5.22,YES,2.07,0.500
goe440-il,GOE 440 AIRFOIL,15.25,9.70,YES,4.17,0.600
goe441-il,GOE 441 AIRFOIL,15.99,7.72,YES,3.72,0.599
goe442-il,GOE 442 AIRFOIL,7.70,4.33,YES,1.55,0.500
goe443-il,GOE 443 AIRFOIL,5.00,0.00,no,0.00,0.000
goe444-il,GOE 444 AIRFOIL,5.60,0.00,no,0.00,0.000
goe445-il,GOE 445 AIRFOIL,6.40,0.00,no,0.00,0.000
goe446-il,GOE 446 AIRFOIL,12.88,6.33,YES,1.60,0.600
goe447-il,GOE 447 AIRFOIL,12.69,8.01,YES,3.16,0.500
goe448-il,GOE 448 AIRFOIL,12.90,10.51,YES,5.26,0.499
goe449-il,GOE 449 AIRFOIL,16.95,5.39,no,0.15,0.950
goe450-il,GOE 450 AIRFOIL,8.90,5.18,YES,1.85,0.500
goe451-il,GOE 451 AIRFOIL (modified line 6),4.40,5.57,YES,3.54,0.400
goe456-il,GOE 456 AIRFOIL,7.20,5.20,YES,2.30,0.500
goe457-il,GOE 457 AIRFOIL,7.83,4.22,YES,1.53,0.500
goe458-il,GOE 458 AIRFOIL,7.20,5.20,YES,2.30,0.500
goe459-il,GOE 459 AIRFOIL,12.70,0.00,no,0.00,0.000
goe460-il,GOE 460 AIRFOIL,20.50,0.00,no,0.03,0.950
goe462-il,GOE 462 AIRFOIL,10.98,13.37,YES,12.05,0.399
goe464-il,GOE 464 AIRFOIL,7.72,9.91,YES,8.27,0.399
goe474-il,GOE 474 AIRFOIL,6.95,2.90,YES,0.65,0.400
goe476-il,GOE 476 AIRFOIL,14.47,5.21,YES,0.80,0.501
goe477-il,GOE 477 AIRFOIL,10.05,4.88,YES,1.02,0.500
goe478-il,GOE 478 AIRFOIL,13.35,4.30,no,0.15,0.501
goe479-il,GOE 479 AIRFOIL,11.60,4.00,no,0.28,0.700
goe480-il,GOE 480 AIRFOIL,11.75,5.50,YES,1.52,0.500
goe481-il,GOE 481 AIRFOIL,13.39,8.81,YES,7.88,0.298
goe481a-il,GOE 481A AIRFOIL,15.33,5.50,YES,1.11,0.501
goe482-il,GOE 482 AIRFOIL,16.54,8.79,YES,3.90,0.599
goe483-il,GOE 483 AIRFOIL,5.45,5.82,YES,3.85,0.400
goe484-il,GOE 484 AIRFOIL,6.25,4.95,YES,2.92,0.600
goe488-il,GOE 488 AIRFOIL,6.81,3.04,YES,0.87,0.300
goe490-il,GOE 490 AIRFOIL,8.81,3.83,YES,0.95,0.300
goe491-il,GOE 491 AIRFOIL,4.85,2.94,YES,1.20,0.300
goe492-il,GOE 492 AIRFOIL,6.21,3.37,YES,1.21,0.600
goe493-il,GOE 493 AIRFOIL,14.93,3.37,YES,0.55,0.801
goe494-il,GOE 494 AIRFOIL,4.95,5.10,YES,3.57,0.600
goe495-il,GOE 495 AIRFOIL,6.90,5.00,YES,2.95,0.600
goe496-il,GOE 496 AIRFOIL,9.95,5.00,YES,2.50,0.600
goe497-il,GOE 497 AIRFOIL,12.70,5.33,YES,2.40,0.600
goe498-il,GOE 498 AIRFOIL,15.93,5.50,YES,2.15,0.700
goe499-il,GOE 499 AIRFOIL,6.80,5.85,YES,4.05,0.600
goe500-il,GOE 500 AIRFOIL,10.00,6.00,YES,3.30,0.600
goe501-il,GOE 501 AIRFOIL,12.80,6.30,YES,3.05,0.600
goe502-il,GOE 502 AIRFOIL,15.91,6.10,YES,2.50,0.600
goe503-il,GOE 503 AIRFOIL,15.62,6.98,YES,1.25,0.400
goe504-il,GOE 504 AIRFOIL,17.98,5.41,no,0.00,0.601
goe505-il,GOE 505 AIRFOIL,13.97,5.88,YES,1.30,0.400
goe506-il,GOE 506 AIRFOIL,16.48,4.66,no,0.00,0.501
goe507-il,GOE 507 AIRFOIL,8.65,2.92,no,0.30,0.500
goe508-il,GOE 508 AIRFOIL,16.50,5.64,no,0.00,0.700
goe509-il,GOE 509 AIRFOIL,11.05,5.17,YES,1.25,0.400
goe510-il,GOE 510 AIRFOIL,13.72,5.85,YES,1.58,0.400
goe511-il,GOE 511 AIRFOIL,16.61,7.98,YES,1.70,0.400
goe512-il,GOE 512 AIRFOIL,13.90,5.61,YES,0.95,0.400
goe513-il,GOE 513 AIRFOIL,16.62,5.22,YES,0.80,0.400
goe514-il,GOE 514 AIRFOIL,16.56,6.45,YES,1.40,0.400
goe515-il,GOE 515 AIRFOIL,8.45,2.79,YES,0.38,0.500
goe517-il,GOE 517 AIRFOIL,7.00,4.65,YES,1.65,0.400
goe518-il,GOE 518 AIRFOIL,18.00,7.30,no,0.00,0.500
goe522-il,GOE 522 AIRFOIL,21.84,5.21,YES,1.05,0.701
goe523-il,GOE 523 AIRFOIL,16.49,9.70,YES,5.90,0.699
goe525-il,GOE 525 AIRFOIL,16.49,9.70,YES,5.90,0.699
goe526-il,GOE 526 AIRFOIL,12.31,4.13,YES,0.35,0.500
goe527-il,GOE 527 AIRFOIL,16.55,5.83,YES,0.35,0.600
goe528-il,GOE 528 AIRFOIL,12.46,6.19,YES,1.40,0.500
goe529-il,GOE 529 AIRFOIL,9.71,5.78,YES,1.91,0.400
goe530-il,GOE 530 AIRFOIL,12.91,5.08,YES,0.75,0.500
goe531-il,GOE 531 AIRFOIL,13.80,14.69,YES,10.12,0.497
goe532-il,GOE 532 AIRFOIL,12.50,4.84,YES,1.44,0.700
goe533-il,GOE 533 AIRFOIL,13.70,4.68,YES,1.40,0.700
goe534-il,GOE 534 AIRFOIL,14.12,5.21,YES,2.72,0.600
goe535-il,GOE 535 AIRFOIL,16.05,5.75,YES,2.93,0.600
goe546-il,GOE 546 AIRFOIL,10.40,3.58,YES,0.75,0.700
goe547-il,GOE 547 AIRFOIL,10.50,4.01,YES,0.90,0.700
goe548-il,GOE 548 AIRFOIL,11.90,2.30,no,0.02,0.900
goe549-il,GOE 549 AIRFOIL,13.85,4.68,YES,0.65,0.700
goe55-il,GOE 55 AIRFOIL,6.16,2.04,YES,0.75,0.500
goe550-il,GOE 550 AIRFOIL,12.95,4.27,YES,1.65,0.600
goe553-il,GOE 553 AIRFOIL,13.70,4.67,YES,1.40,0.700
goe559-il,GOE 559 AIRFOIL,11.15,3.43,no,0.00,0.700
goe561-il,GOE 561 AIRFOIL,24.95,10.24,no,0.00,0.700
goe562-il,GOE 562 AIRFOIL,14.10,6.25,YES,0.38,0.400
goe563-il,GOE 563 AIRFOIL,8.89,2.24,no,0.00,0.950
goe564-il,GOE 564 AIRFOIL,8.20,2.67,no,0.00,0.500
goe565-il,GOE 565 AIRFOIL,8.40,2.79,YES,0.65,0.700
goe566-il,GOE 566 AIRFOIL,8.65,2.55,no,0.04,0.800
goe567-il,GOE 567 AIRFOIL,14.77,5.26,YES,2.30,0.700
goe57-il,GOE 57 AIRFOIL,6.29,5.12,YES,2.89,0.400
goe570-il,GOE 570 AIRFOIL,33.70,9.68,no,0.00,0.600
goe571-il,GOE 571 AIRFOIL,24.95,9.83,no,0.00,0.501
goe572-il,GOE 572 AIRFOIL,18.60,8.32,YES,0.50,0.500
goe573-il,GOE 573 AIRFOIL,14.10,6.48,YES,0.63,0.400
goe574-il,GOE 574 AIRFOIL,10.25,4.92,YES,0.71,0.400
goe575-il,GOE 575 AIRFOIL,13.35,3.61,no,0.11,0.400
goe584-il,GOE 584 AIRFOIL,12.70,4.95,YES,0.45,0.400
goe585-il,GOE 585 AIRFOIL,8.20,3.36,YES,0.70,0.500
goe587-il,GOE 587 AIRFOIL,5.80,2.96,YES,0.85,0.300
goe590-il,GOE 590 AIRFOIL,5.70,4.01,YES,1.65,0.300
goe591-il,GOE 591 AIRFOIL,11.20,5.05,YES,0.75,0.500
goe592-il,GOE 592 AIRFOIL,14.27,7.49,YES,1.85,0.500
goe593-il,GOE 593 AIRFOIL,11.90,4.05,no,0.03,0.300
goe595-il,GOE 595 AIRFOIL,9.55,3.02,no,0.00,0.700
goe596-il,GOE 596 AIRFOIL,9.75,4.03,YES,0.40,0.500
goe598-il,GOE 598 AIRFOIL,6.54,0.97,no,0.00,0.601
goe599-il,GOE 599 AIRFOIL,9.96,1.53,no,0.00,0.801
goe05k-il,GOE 5K AIRFOIL,3.70,1.53,no,0.00,0.900
goe600-il,GOE 600 AIRFOIL,13.05,1.89,no,0.00,0.801
goe601-il,GOE 601 AIRFOIL,16.00,2.46,no,0.00,0.901
goe602-il,GOE 602 AIRFOIL,9.95,3.48,YES,0.45,0.700
goe602m-il,GOE 602 MOD. AIRFOIL,9.60,3.80,YES,1.20,0.600
goe604-il,GOE 604 AIRFOIL,17.84,5.36,no,0.00,0.801
goe610b-il,GOE 610 B AIRFOIL,7.80,5.30,YES,2.00,0.400
goe610bm-il,GOE 610-B MOD. AIRFOIL,7.70,5.68,YES,2.60,0.500
goe611-il,GOE 611 AIRFOIL,12.90,5.81,no,0.00,0.300
goe612-il,GOE 612 AIRFOIL,15.01,5.02,YES,0.95,0.600
goe613-il,GOE 613 AIRFOIL,10.30,4.09,no,0.00,0.900
goe614-il,GOE 614 AIRFOIL,18.77,6.18,YES,1.25,0.600
goe615-il,GOE 615 AIRFOIL,13.66,5.60,YES,0.85,0.600
goe617-il,GOE 617 AIRFOIL,13.85,2.17,no,0.00,0.000
goe619-il,GOE 619 AIRFOIL,13.75,4.55,YES,1.15,0.500
goe620-il,GOE 620 AIRFOIL,17.50,5.90,YES,1.20,0.700
goe621-il,GOE 621 AIRFOIL,15.01,5.02,YES,0.95,0.600
goe622-il,GOE 622 AIRFOIL,8.00,2.46,no,0.00,0.600
goe623-il,GOE 623 AIRFOIL,12.00,3.90,no,0.00,0.950
goe624-il,GOE 624 AIRFOIL,16.00,5.30,no,0.00,0.700
goe625-il,GOE 625 AIRFOIL,20.00,6.22,no,0.00,0.600
goe626-il,GOE 626 AIRFOIL,16.50,5.07,YES,2.90,0.600
goe627-il,GOE 627 AIRFOIL,15.75,4.07,no,0.00,0.000
goe628-il,GOE 628 AIRFOIL,16.68,5.62,YES,1.70,0.600
goe629-il,GOE 629 AIRFOIL,13.63,2.77,no,0.00,0.900
goe63-il,GOE 63 AIRFOIL,8.26,6.69,YES,3.83,0.400
goe630-il,GOE 630 AIRFOIL,12.56,7.66,YES,2.75,0.500
goe632-il,GOE 632 AIRFOIL,14.00,3.92,no,0.15,0.400
goe633-il,GOE 633 AIRFOIL,13.76,3.95,YES,0.60,0.501
goe645-il,GOE 645 AIRFOIL,15.44,4.82,YES,1.20,0.600
goe646-il,GOE 646 AIRFOIL,18.34,4.48,YES,1.43,0.701
goe647-il,GOE 647 AIRFOIL,16.24,5.34,YES,0.80,0.600
goe648-il,GOE 648 AIRFOIL,15.17,3.92,YES,0.40,0.800
goe650-il,GOE 650 AIRFOIL,13.39,4.41,YES,1.95,0.700
goe652-il,GOE 652 AIRFOIL,17.05,9.25,YES,7.95,0.600
goe654-il,GOE 654 AIRFOIL,14.50,5.20,YES,0.55,0.700
goe655-il,GOE 655 AIRFOIL,13.90,4.39,YES,0.38,0.700
goe670-il,GOE 670 AIRFOIL,9.00,3.39,YES,0.45,0.300
goe673-il,GOE 673 AIRFOIL,10.78,2.76,no,0.30,0.800
goe675-il,GOE 675 AIRFOIL,14.92,5.87,YES,1.15,0.600
goe676-il,GOE 676 (= M 12) AIRFOIL,11.90,2.04,no,0.00,0.000
goe677-il,GOE 677 (= M 6) AIRFOIL,11.95,2.29,no,0.00,0.000
goe679-il,GOE 679 AIRFOIL,18.29,4.53,no,0.00,0.602
goe681-il,GOE 681 AIRFOIL,16.84,4.35,no,0.03,0.502
goe682-il,GOE 682 AIRFOIL,10.65,4.32,YES,0.85,0.600
goe683-il,GOE 683 AIRFOIL,19.90,2.95,no,0.00,0.000
goe685-il,GOE 685 AIRFOIL,13.06,4.20,YES,1.65,0.600
goe692-il,GOE 692 AIRFOIL,16.10,5.10,no,0.00,0.950
goe693-il,GOE 693 AIRFOIL,12.00,3.71,no,0.00,0.300
goe06k-il,GOE 6K AIRFOIL,7.50,3.10,no,0.00,0.500
goe701-il,GOE 701 AIRFOIL,12.47,4.87,YES,0.90,0.400
goe702-il,GOE 702 AIRFOIL,16.64,5.11,YES,0.90,0.501
goe703-il,GOE 703 AIRFOIL,19.40,2.30,no,0.00,0.000
goe704-il,GOE 704 AIRFOIL,12.95,2.14,no,0.00,0.501
goe711-il,GOE 711 AIRFOIL,14.85,6.52,no,0.00,0.200
goe723-il,GOE 723 AIRFOIL,11.56,4.49,YES,1.69,0.600
goe735-il,GOE 735 AIRFOIL,20.10,4.38,no,0.00,0.000
goe738-il,GOE 738 AIRFOIL,15.44,2.12,no,0.00,0.000
goe741-il,GOE 741 AIRFOIL,15.33,4.82,YES,0.35,0.300
goe744-il,GOE 744 AIRFOIL,14.48,7.02,YES,1.87,0.400
goe746-il,GOE 746 AIRFOIL,9.75,5.04,YES,1.27,0.400
goe758-il,GOE 758 AIRFOIL,13.85,4.68,YES,0.65,0.700
goe766-il,GOE 766 AIRFOIL,12.01,1.48,no,0.00,0.000
goe767-il,GOE 767 AIRFOIL,12.00,1.50,no,0.00,0.950
goe769-il,GOE 769 AIRFOIL,13.82,4.79,YES,0.75,0.500
goe770-il,GOE 770 AIRFOIL,20.99,4.04,no,0.02,0.900
goe775-il,GOE 775 AIRFOIL,21.00,0.22,no,0.00,0.000
goe776-il,GOE 776 AIRFOIL,25.00,0.26,no,0.00,0.000
goe777-il,GOE 777 AIRFOIL,22.00,5.96,no,0.05,0.800
goe780-il,GOE 780 AIRFOIL,12.00,1.00,no,0.00,0.000
goe79-il,GOE 79 (PFALZ 11) AIRFOIL,6.17,5.99,YES,3.92,0.400
goe795-il,GOE 795 AIRFOIL,8.01,2.45,no,0.02,0.250
goe795sm-il,GOE 795 smoothed,8.03,2.44,no,0.04,0.371
goe796-il,GOE 796 AIRFOIL,12.00,3.69,no,0.00,0.500
goe797-il,GOE 797 AIRFOIL,16.00,5.02,no,0.00,0.600
goe798-il,GOE 798 AIRFOIL,20.00,6.17,no,0.00,0.400
goe07k-il,GOE 7K AIRFOIL,11.00,4.54,no,0.00,0.900
goe801-il,GOE 801 (MVA 301) AIRFOIL,9.80,6.18,YES,2.20,0.400
goe802a-il,GOE 802 A AIRFOIL,9.80,6.18,YES,2.22,0.400
goe802-il,GOE 802 AIRFOIL,9.80,6.18,YES,2.20,0.400
goe802b-il,GOE 802 B AIRFOIL,9.80,6.18,YES,2.22,0.400
goe803h-il,GOE 803 (HACKLINGER) AIRFOIL,6.30,6.67,YES,4.88,0.500
goe804-il,GOE 804 (EA 8) AIRFOIL,6.00,6.25,YES,3.66,0.600
goe81-il,GOE 81 AIRFOIL,7.43,6.30,YES,3.33,0.300
goe08k-il,GOE 8K AIRFOIL,14.85,6.13,no,0.00,0.900
goe92-il,GOE 92 AIRFOIL,8.77,5.55,YES,1.53,0.300
goe09k-il,GOE 9K AIRFOIL,2.45,0.90,no,0.00,0.200
k2-il,GRUMMAN K-2 AIRFOIL,10.27,2.45,YES,1.56,0.896
k3-il,GRUMMAN K-3 AIRFOIL,17.31,1.70,YES,2.07,0.818
glennmartin2-il,Glenn Martin 2,13.47,7.67,YES,1.14,0.400
glennmartin3-il,Glenn Martin 3,13.77,6.89,no,0.06,0.500
glennmartin4-il,Glenn Martin 4,15.49,7.67,no,0.06,0.900
goe765-il,Gottingen 765 airfoil (recovered). Thick: .144 LE radius: 0.02062 LE slope: 0.17300,14.40,1.90,no,0.00,0.000
griffith30symsuction-il,Griffith 30% Suction Airfoil,30.57,0.00,YES,3.11,0.861
hs1404-il,HAM-STD HS1-404 AIRFOIL,4.02,3.02,YES,1.74,0.480
hs1430-il,HAM-STD HS1-430 AIRFOIL,30.00,2.94,no,0.00,0.000
hs1606-il,HAM-STD HS1-606 AIRFOIL,6.01,4.24,YES,2.34,0.480
hs1620-il,HAM-STD HS1-620 AIRFOIL,20.02,4.10,no,0.01,0.260
hs1708-il,HAM-STD HS1-708 AIRFOIL,7.92,4.87,YES,2.35,0.460
hs1712-il,HAM-STD HS1-712 AIRFOIL,11.98,4.78,YES,0.88,0.680
tempest1-il,HAWKER TEMPEST 37.5% SEMISPAN AIRFOIL,14.50,1.04,no,0.00,0.996
tempest2-il,HAWKER TEMPEST 61% SEMISPAN AIRFOIL,12.00,0.94,no,0.00,0.996
tempest3-il,HAWKER TEMPEST 96.77% SEMISPAN AIRFOIL,10.00,1.03,no,0.00,0.000
hobie-il,HOBIE,8.49,3.96,YES,1.60,0.600
hobiesm-il,HOBIESMO1.DAT,8.57,3.98,YES,1.61,0.600
hq17-il,HORSTMANN AND QUAST HQ-17/14.38 AIRFOIL (MEASURED),15.22,4.51,YES,1.13,0.889
hq300gd2-il,HORSTMANN AND QUAST HQ-300 GD(MOD 2) AIRFOIL,16.57,3.75,YES,1.51,0.902
hq010-il,HQ 0/10 AIRFOIL,10.00,0.00,no,0.21,0.854
hq07-il,HQ 0/7 AIRFOIL,7.00,0.00,no,0.15,0.854
hq09-il,HQ 0/9 AIRFOIL,8.11,0.00,no,0.17,0.854
hq1010-il,HQ 1.0/10 AIRFOIL,9.96,1.00,YES,0.40,0.825
hq1012-il,HQ 1.0/12 AIRFOIL,11.96,1.00,YES,0.44,0.850
hq108-il,HQ 1.0/8 AIRFOIL,7.97,1.00,YES,0.37,0.825
hq109-il,HQ 1.0/9 AIRFOIL,8.98,1.00,YES,0.38,0.850
hq1510-il,HQ 1.5/10 AIRFOIL,9.96,1.50,YES,0.53,0.825
hq1511-il,HQ 1.5/11 AIRFOIL,11.00,1.50,YES,0.55,0.830
hq1512-il,HQ 1.5/12 AIRFOIL,11.96,1.50,YES,0.56,0.825
hq158-il,HQ 1.5/8 AIRFOIL,7.96,1.49,YES,0.51,0.825
hq1585-il,HQ 1.5/8.5 AIRFOIL,8.56,1.50,YES,0.60,0.800
hq159-il,HQ 1.5/9 AIRFOIL,8.97,1.50,YES,0.52,0.825
hq159b-il,HQ 1.5/9 B AIRFOIL,8.95,1.50,YES,0.52,0.804
hq2010-il,HQ 2.0/10 AIRFOIL,9.97,2.00,YES,0.67,0.825
hq2012-il,HQ 2.0/12 AIRFOIL,11.97,1.99,YES,0.70,0.825
hq208-il,HQ 2.0/8 AIRFOIL,7.98,1.99,YES,0.67,0.800
hq209-il,HQ 2.0/9 AIRFOIL,8.97,1.99,YES,0.67,0.825
hq2195-il,HQ 2.1/9.5 AIRFOIL,9.49,2.10,YES,0.77,0.850
hq2510-il,HQ 2.5/10 AIRFOIL,9.96,2.50,YES,0.83,0.800
hq2511-il,HQ 2.5/11 AIRFOIL,11.00,2.50,YES,0.83,0.830
hq2512-il,HQ 2.5/12 AIRFOIL,11.96,2.50,YES,0.84,0.825
hq258-il,HQ 2.5/8 AIRFOIL,7.97,2.50,YES,0.84,0.800
hq259-il,HQ 2.5/9 AIRFOIL,8.97,2.50,YES,0.83,0.800
hq259b-il,HQ 2.5/9 B AIRFOIL,9.03,2.53,YES,0.92,0.800
hq2590sm-il,HQ 2.5/9.0 smoothed by Eppler,9.03,2.53,YES,0.92,0.800
hq3010-il,HQ 3.0/10 AIRFOIL,9.98,2.99,YES,1.02,0.800
hq3011-il,HQ 3.0/11 AIRFOIL,10.98,2.99,YES,0.86,0.850
hq3012-il,HQ 3.0/12 AIRFOIL,11.98,2.99,YES,1.01,0.800
hq3013-il,HQ 3.0/13 AIRFOIL,12.99,3.00,YES,1.00,0.825
hq3014-il,HQ 3.0/14 AIRFOIL,13.99,2.99,YES,1.01,0.825
hq3015-il,HQ 3.0/15 AIRFOIL,14.98,2.99,YES,1.02,0.825
hq308-il,HQ 3.0/8 AIRFOIL,7.98,2.99,YES,1.04,0.800
hq309-il,HQ 3.0/9 AIRFOIL,8.98,2.99,YES,1.02,0.800
hq3510-il,HQ 3.5/10 AIRFOIL,9.96,3.50,YES,1.19,0.800
hq3512-il,HQ 3.5/12 AIRFOIL,11.96,3.50,YES,1.18,0.800
hq3513-il,HQ 3.5/13 AIRFOIL,13.00,3.50,YES,1.17,0.800
hq3514-il,HQ 3.5/14 AIRFOIL,14.00,3.50,YES,1.19,0.800
hq3518-il,HQ 3.5/18 AIRFOIL,18.00,3.50,YES,1.18,0.800
hq358-il,HQ 3.5/8 AIRFOIL,7.97,3.50,YES,1.24,0.800
hq359-il,HQ 3.5/9 AIRFOIL,8.97,3.50,YES,1.22,0.800
hq2090sm-il,HQ-2.0/9  9.0%   smoothed,8.97,1.99,YES,0.66,0.800
hsnlf213-il,HSNLF(1)-0213 AIRFOIL,13.25,1.37,YES,0.59,0.825
ht05-il,HT05,4.81,0.00,YES,0.54,0.630
ht08-il,HT08,5.00,0.07,no,0.00,0.000
ht12-il,HT12,5.02,0.00,no,0.05,0.483
ht22-il,HT22,5.08,1.07,no,0.00,0.932
ht23-il,HT23,6.51,1.08,no,0.01,0.894
hh02-il,HUGHES HELICOPTERS HH-02 AIRFOIL,9.57,2.02,YES,0.71,0.700
isa571-il,I.S.A. 571,7.37,4.33,YES,0.70,0.400
isa960-il,I.S.A. 960,9.46,5.71,YES,1.15,0.500
isa961-il,I.S.A. 961,9.27,5.67,YES,1.22,0.400
isa962-il,I.S.A. 962,9.58,5.93,YES,1.44,0.400
j5012-il,J5012   12%,12.00,0.00,no,0.00,0.997
jn153-il,JN-153 AIRFOIL,17.57,8.35,YES,2.32,0.698
joukowsk0015-jf,Joukovsky f=0% t=15%,14.99,0.00,YES,0.50,0.863
joukowsk0018-jf,Joukovsky f=0% t=18%,17.98,0.00,YES,0.60,0.862
joukowsk0021-jf,Joukovsky f=0% t=21%,21.00,0.00,YES,0.70,0.861
joukowsk0009-jf,Joukovsky f=0% t=9%,9.00,0.00,no,0.30,0.865
k3311-il,K3311  (original),11.00,3.25,YES,0.48,0.750
k3311sm-il,K3311 (smoothed),11.03,3.23,YES,0.47,0.756
kc135b-il,KC-135 BL124.32 AIRFOIL,12.98,1.57,no,0.00,0.700
kc135c-il,KC-135 BL200.76 AIRFOIL,10.59,1.66,no,0.00,0.850
kc135d-il,KC-135 BL351.6 AIRFOIL,8.99,2.00,no,0.00,0.850
kc135a-il,KC-135 BL52.44 AIRFOIL,15.49,1.58,no,0.00,0.750
kc135winglet-il,KC-135 Winglet (supercritical Whitcomb),7.96,2.41,YES,1.57,0.850
kenmar-il,KENNEDY AND MARSDEN AIRFOIL,27.92,7.70,YES,3.74,0.842
la2573a-il,LA2573A,13.70,3.19,no,0.08,0.938
lds2-il,LDS-2 AIRFOIL,11.97,2.16,no,0.01,0.651
l1003-il,LIEBECK L1003 AIRFOIL,17.69,6.53,YES,1.32,0.350
la5055-il,LIEBECK LA5055 AIRFOIL,15.93,5.93,YES,0.43,0.450
l7769-il,LISSAMAN 7769 AIRFOIL,10.98,4.43,YES,0.68,0.300
lnv109a-il,LNV109A,12.99,5.97,YES,2.37,0.460
c141a-il,LOCKHEED C-141 BL0 AIRFOIL,12.99,1.09,no,0.00,0.990
c141b-il,LOCKHEED C-141 BL113.6 AIRFOIL,12.64,1.12,no,0.00,0.990
c141c-il,LOCKHEED C-141 BL426.57 AIRFOIL,10.99,1.32,no,0.00,0.990
c141d-il,LOCKHEED C-141 BL610.61 AIRFOIL,10.77,1.54,no,0.00,0.978
c141e-il,LOCKHEED C-141 BL761.11 AIRFOIL,10.51,1.80,no,0.00,0.000
c141f-il,LOCKHEED C-141 BL958.89 AIRFOIL,10.00,2.32,no,0.01,0.222
c5a-il,LOCKHEED C-5A BL0 AIRFOIL,13.12,0.73,no,0.25,0.900
c5e-il,LOCKHEED C-5A BL1256 AIRFOIL,10.78,1.43,YES,0.36,0.900
c5b-il,LOCKHEED C-5A BL488.2 AIRFOIL,11.55,1.22,no,0.06,0.900
c5c-il,LOCKHEED C-5A BL576 AIRFOIL,11.10,1.40,no,0.01,0.800
c5d-il,LOCKHEED C-5A BL758.6 AIRFOIL,11.05,1.35,no,0.06,0.900
l188root-il,LOCKHEED L-188 ROOT AIRFOIL,13.99,2.00,no,0.21,0.808
l188tip-il,LOCKHEED L-188 TIP AIRFOIL,11.99,2.66,no,0.25,0.808
lg10sc-il,LOCKHEED-GEORGIA SUPERCRITICAL AIRFOIL,10.00,1.47,no,0.00,0.000
lwk79100-il,LWK 79-100,9.99,0.00,YES,0.36,0.750
lwk80080-il,LWK 80-080,8.06,0.00,no,0.19,0.876
lwk80100-il,LWK 80-100,10.06,0.00,no,0.26,0.876
lwk80120k25-il,LWK 80-120/K25,12.06,0.00,YES,0.33,0.876
lwk80150k25-il,LWK 80-150/K25,15.04,0.00,YES,0.53,0.876
m665-il,M6 (65%),7.81,1.44,no,0.00,0.000
m685-il,M6 (85%),10.21,1.88,no,0.00,0.000
ma409-il,MA409 (original) (modified line 7),6.79,4.31,YES,1.54,0.600
ma409sm-il,MA409 (smoothed),6.69,3.33,YES,1.53,0.569
marske5-il,MARSKE MONARCH AIRFOIL (NACA 43012A),12.22,3.38,no,0.00,0.000
marske2-il,MARSKE PIONEER IA AIRFOIL (NACA 23112/43012A HYBRID),12.05,2.69,no,0.00,0.000
marske3-il,MARSKE PIONEER IID ROOT AIRFOIL (NACA 431012A/24112 HYBRID),12.06,2.76,no,0.01,0.250
marske4-il,MARSKE PIONEER IID TIP AIRFOIL (NACA 431012A*.833 HYBRID),10.19,2.81,no,0.00,0.000
marske1-il,MARSKE XM-1D AIRFOIL (F14-3.0),14.00,3.03,no,0.00,0.399
mb253515sm-il,MB253515 15.0% smoothed,14.96,2.43,no,0.01,0.900
mh102-il,MH 102  16.99%,16.97,3.00,YES,0.37,0.795
mh104-il,MH 104  15.28%,15.26,2.00,no,0.01,0.986
mh106-il,MH 106  13.07%,13.06,1.01,no,0.00,0.986
mh108-il,MH 108  11.98%,11.96,1.12,no,0.01,0.987
mh110-il,MH 110  10.01%,9.98,1.14,no,0.00,0.987
mh112-il,MH 112  Airfoil,16.29,7.34,YES,2.61,0.716
mh113-il,MH 113  14.62%,14.67,6.87,YES,2.50,0.722
mh114-il,MH 114  13.02%,13.06,6.58,YES,2.50,0.726
mh115-il,MH 115  11.06%,11.08,5.57,YES,2.14,0.685
mh116-il,MH 116  9.84%,9.85,4.08,YES,1.12,0.703
mh117-il,MH 117  9.8%,9.79,2.73,YES,0.53,0.761
mh120-il,MH 120  11.57%,11.57,2.60,no,0.00,0.769
mh121-il,MH 121  8.76%,8.75,3.02,YES,1.27,0.798
mh122-il,MH 122  9.32%,9.32,3.50,YES,1.40,0.795
mh150-il,MH 150  23.89%,23.95,5.37,YES,3.39,0.846
mh18-il,MH 18  11.16%,11.14,2.82,no,0.01,0.997
mh20-il,MH 20  9.01%,9.00,2.04,no,0.01,0.987
mh200-il,MH 200  12.97%,12.94,2.11,YES,0.80,0.875
mh201-il,MH 201  13.08%,13.07,2.60,YES,1.18,0.870
mh22-il,MH 22  7.2%,7.20,1.81,no,0.01,0.987
mh23-il,MH 23  8%,7.98,1.28,no,0.04,0.987
mh24-il,MH 24  9.01%,9.00,1.31,no,0.09,0.969
mh25-il,MH 25  9.98%,9.98,1.47,no,0.10,0.968
mh26-il,MH 26  10.99%,10.97,1.52,no,0.08,0.985
mh27-il,MH 27  11.99%,11.98,1.51,no,0.09,0.984
mh30-il,MH 30  7.84%,7.84,1.75,no,0.17,0.816
mh32-il,MH 32  8.7%,8.70,2.40,no,0.29,0.812
mh38-il,MH 38  9.68%,9.69,3.91,YES,1.00,0.710
mh42-il,MH 42  8.94%,8.94,1.89,no,0.06,0.857
mh43-il,MH 43  8.5%,8.49,1.78,no,0.09,0.858
mh44-il,MH 44  9.66%,9.66,1.54,no,0.00,0.997
mh45-il,MH 45  9.85%,9.85,1.71,no,0.00,0.731
mh46-il,MH 46  9.1%,9.10,1.53,no,0.00,0.632
mh60-il,MH 60  10.08%,10.08,1.82,no,0.00,0.777
mh61-il,MH 61  10.26%,10.23,1.52,no,0.00,0.000
mh62-il,MH 62  9.3%,9.29,1.64,no,0.03,0.777
mh64-il,MH 64  8.59%,8.58,1.49,no,0.07,0.777
mh70-il,MH 70  11.08%,11.08,3.08,no,0.21,0.850
mh78-il,MH 78  14.47%,14.45,2.68,no,0.09,0.970
mh80-il,MH 80  12.72%,12.70,3.00,no,0.07,0.971
mh81-il,MH 81  13%,12.99,3.52,no,0.07,0.949
mh82-il,MH 82  13.31%,13.30,4.01,no,0.08,0.948
mh83-il,MH 83  13.29%,13.30,5.12,YES,1.38,0.653
mh84-il,MH 84  13.69%,13.72,4.76,YES,1.71,0.648
mh91-il,MH 91  14.98%,14.96,1.68,no,0.14,0.946
mh92-il,MH 92  15.49%,15.47,1.68,no,0.15,0.946
mh93-il,MH 93  15.98%,15.97,1.67,no,0.16,0.945
mh94-il,MH 94  16.03%,16.02,1.36,YES,0.61,0.872
mh95-il,MH 95  15.86%,15.84,1.45,YES,0.49,0.907
mh33-il,MH33,7.27,1.10,no,0.07,0.971
miley-il,MILEY M06-13-128,12.86,5.19,no,0.00,0.000
mrc-16-il,MRC-16,13.90,3.12,no,0.00,0.921
mrc-20-il,MRC-20,15.59,2.93,no,0.01,0.876
mue139-il,MUE 139,13.90,4.73,YES,0.73,0.500
marsden-il,Marsden,27.88,9.61,YES,3.73,0.842
n10-il,N-10,11.22,5.63,no,0.14,0.600
n11-il,N-11,10.94,5.81,YES,0.60,0.600
n12-il,N-12,10.46,0.16,no,0.01,0.900
n13-il,N-13,11.80,0.11,no,0.00,0.950
n14-il,N-14,11.48,0.05,no,0.00,0.000
n22-il,N-22,12.37,6.24,YES,0.32,0.700
n24-il,N-24,17.02,8.61,YES,0.42,0.700
n9-il,N-9,8.46,4.23,no,0.12,0.600
naca0008-il,NACA 0008,8.00,0.00,no,0.00,1.000
naca000834-il,NACA 0008-34,8.00,0.00,no,0.00,1.000
naca0010-il,NACA 0010,10.00,0.00,no,0.00,0.000
naca001034-il,NACA 0010-34,10.00,0.00,no,0.00,0.000
naca001034a08cli02-il,NACA 0010-34 a=0.8 c(li)=0.2,10.00,1.33,no,0.00,0.000
naca001035-il,NACA 0010-35,10.00,0.00,no,0.00,0.000
naca001064-il,NACA 0010-64,10.00,0.00,no,0.00,0.000
naca001065-il,NACA 0010-65,10.00,0.00,no,0.00,0.000
naca001066-il,NACA 0010-66,10.00,0.00,no,0.00,1.000
n0012-il,NACA 0012 AIRFOILS,12.00,0.00,no,0.00,0.000
naca001234-il,NACA 0012-34,12.00,0.00,no,0.00,0.000
naca001264-il,NACA 0012-64,12.00,0.00,no,0.00,0.000
naca001264a08cli02-il,NACA 0012-64 a=0.8 c(li)=0.2,10.96,1.83,no,0.01,0.301
naca0015-il,NACA 0015,15.00,0.00,no,0.00,0.000
naca0018-il,NACA 0018,18.01,0.00,no,0.00,0.000
naca0021-il,NACA 0021,21.01,0.00,no,0.00,0.000
naca0024-il,NACA 0024,24.01,0.00,no,0.00,0.000
n1h15-il,NACA 1-H-15 AIRFOIL,14.72,5.50,no,0.06,0.300
n11h9-il,NACA 11-H-09 AIRFOIL,8.99,4.52,YES,0.84,0.252
naca1408-il,NACA 1408,8.00,1.00,no,0.00,0.000
naca1410-il,NACA 1410,10.00,0.97,no,0.00,0.000
naca1412-il,NACA 1412,12.00,1.00,no,0.00,0.000
naca16006-il,NACA 16-006,6.00,0.00,no,0.00,0.000
naca16012-il,NACA 16-012,12.00,0.00,no,0.00,0.000
naca16015-il,NACA 16-015,15.00,0.00,no,0.00,1.000
naca16018-il,NACA 16-018,18.00,0.00,no,0.00,0.000
naca16021-il,NACA 16-021,21.00,0.00,no,0.00,1.000
naca16009-il,NACA 16009,9.00,0.00,no,0.00,0.999
n2h15-il,NACA 2-H-15 AIRFOIL,14.72,4.50,no,0.13,0.800
naca2411-il,NACA 2.5411,11.01,2.50,no,0.01,0.793
naca22112-jf,NACA 22112,12.01,1.66,no,0.00,0.999
naca23012-il,NACA 23012  12%,12.00,1.83,no,0.00,0.997
naca23015-il,NACA 23015,15.01,1.84,no,0.00,0.000
naca23018-il,NACA 23018,18.02,1.84,no,0.00,1.000
naca23021-il,NACA 23021,21.01,1.85,no,0.00,1.000
naca23024-il,NACA 23024,23.99,1.91,no,0.00,0.000
naca23112-jf,NACA 23112,12.01,2.05,no,0.00,0.000
naca2408-il,NACA 2408,8.00,2.00,no,0.05,0.799
naca2410-il,NACA 2410,10.01,2.00,no,0.00,1.000
naca24112-jf,NACA 24112,12.01,2.43,no,0.00,0.000
naca2412-il,NACA 2412,12.00,2.00,no,0.00,0.000
n2414-il,NACA 2414,14.00,2.00,no,0.00,0.997
n2415-il,NACA 2415,15.00,2.00,no,0.00,0.997
naca2415-il,NACA 2415,15.00,2.00,no,0.00,0.000
naca2418-il,NACA 2418,18.00,2.00,no,0.00,0.000
naca2421-il,NACA 2421,21.00,2.00,no,0.00,1.000
naca2424-il,NACA 2424,24.00,2.00,no,0.00,0.000
naca25112-jf,NACA 25112,12.01,2.68,no,0.00,0.250
naca4412-il,NACA 4412,12.02,4.00,YES,0.46,0.700
naca4415-il,NACA 4415,14.99,4.01,no,0.13,0.750
naca4418-il,NACA 4418,18.02,4.00,no,0.05,0.800
naca4421-il,NACA 4421,21.03,4.00,no,0.01,0.700
naca4424-il,NACA 4424,24.02,4.00,no,0.00,0.000
n5h10-il,NACA 5-H-10 AIRFOIL,9.90,2.25,no,0.10,0.900
n5h15-il,NACA 5-H-15 AIRFOIL,15.42,2.92,no,0.00,0.950
n5h20-il,NACA 5-H-20 AIRFOIL,19.90,4.45,no,0.30,0.900
n6h10-il,NACA 6-H-10 AIRFOIL,10.02,4.51,YES,0.97,0.400
n6h15-il,NACA 6-H-15 AIRFOIL,15.58,4.51,no,0.06,0.200
n6h20-il,NACA 6-H-20 AIRFOIL,19.95,6.12,YES,0.44,0.500
naca633418-il,NACA 63,18.00,2.21,YES,1.30,0.854
n63215b-il,NACA 63(2)-215 MOD B,15.04,1.49,YES,0.81,0.875
naca632615-il,NACA 63(2)-615,15.00,3.31,YES,1.54,0.849
naca632a015-il,NACA 63(2)A-015,14.99,1.69,no,0.00,0.778
naca633018-il,NACA 63(3)-018,18.01,0.00,YES,0.65,0.876
naca633218-il,NACA 63(3)-218,18.00,1.14,YES,0.95,0.850
naca633618-il,NACA 63(3)-618,18.00,3.31,YES,1.67,0.849
naca634221-il,NACA 63(4)-221,21.00,1.10,YES,1.09,0.849
naca634421-il,NACA 63(4)-421,21.00,2.21,YES,1.44,0.849
n63015a-il,NACA 63-015A AIRFOIL,14.99,0.00,no,0.00,0.800
naca63206-il,NACA 63-206,6.00,1.10,YES,0.48,0.850
naca63209-il,NACA 63-209,9.00,1.10,YES,0.57,0.850
n63210-il,NACA 63-210 AIRFOIL,10.00,1.11,YES,0.60,0.850
n63212-il,NACA 63-212 AIRFOIL,12.00,1.10,YES,0.68,0.850
n63215-il,NACA 63-215 AIRFOIL,15.00,1.10,YES,0.81,0.850
n63412-il,NACA 63-412 AIRFOIL,12.00,2.20,YES,1.04,0.849
n63415-il,NACA 63-415 AIRFOIL,15.00,2.21,YES,1.15,0.849
n63012a-il,NACA 63012A AIRFOIL,11.99,0.00,no,0.00,0.900
n63010a-il,NACA 63A010 AIRFOIL,9.99,0.00,no,0.00,0.950
naca63a210-il,NACA 63A210,9.99,1.33,no,0.24,0.799
naca641112-il,NACA 64(1)-112,11.96,0.55,YES,0.48,0.900
n64212-il,NACA 64(1)-212,11.96,1.10,YES,0.62,0.850
n64212ma-il,NACA 64(1)-212 MOD A,11.96,2.45,YES,0.61,0.852
n64212mb-il,NACA 64(1)-212 MOD B,12.05,1.50,YES,0.62,0.850
naca642215-il,NACA 64(2)-215,14.96,1.10,YES,0.73,0.850
naca642415-il,NACA 64(2)-415,14.96,2.21,YES,1.06,0.849
naca643218-il,NACA 64(3)-218,17.95,1.10,YES,0.85,0.849
naca643418-il,NACA 64(3)-418,17.95,2.21,YES,1.18,0.849
naca643618-il,NACA 64(3)-618,17.95,3.31,YES,1.55,0.848
naca644221-il,NACA 64(4)-221,20.95,1.10,YES,0.97,0.849
naca644421-il,NACA 64(4)-421,20.95,2.21,YES,1.31,0.849
n64008a-il,NACA 64-008A AIRFOIL,8.00,0.00,no,0.00,0.950
n64012a-il,NACA 64-012A AIRFOIL,11.99,0.00,no,0.00,0.950
n64108-il,NACA 64-108 AIRFOIL,7.98,0.55,YES,0.34,0.900
n64110-il,NACA 64-110 AIRFOIL,9.98,0.55,YES,0.41,0.900
naca64206-il,NACA 64-206,5.99,1.10,YES,0.44,0.850
naca64208-il,NACA 64-208,7.98,1.10,YES,0.49,0.850
naca64209-il,NACA 64-209,8.98,1.10,YES,0.52,0.850
naca64210-il,NACA 64-210,9.98,1.10,YES,0.55,0.850
n64215-il,NACA 64-215 AIRFOIL,14.96,1.10,YES,0.73,0.850
naca6412-il,NACA 6412,12.04,6.00,YES,1.75,0.550
n64015-il,NACA 642-015 AIRFOIL,14.96,0.00,YES,0.45,0.900
n64015a-il,NACA 642-015A AIRFOIL,14.97,0.00,no,0.00,0.950
naca64a010-il,NACA 64A-010 10.0%,9.99,0.00,no,0.00,0.000
naca64a210-il,NACA 64A210,9.99,1.33,no,0.21,0.799
naca64a410-il,NACA 64A410,9.99,2.66,YES,0.62,0.798
naca651212-il,NACA 65(1)-212,11.99,1.10,YES,0.54,0.900
naca651212a06-il,NACA 65(1)-212 a=0.6,11.99,1.48,YES,0.31,0.900
naca651412-il,NACA 65(1)-412,11.99,2.21,YES,0.81,0.899
naca652215-il,NACA 65(2)-215,14.99,1.10,YES,0.64,0.900
naca652415-il,NACA 65(2)-415,14.99,2.20,YES,0.91,0.899
naca652415a05-il,NACA 65(2)-415 a=0.5,15.00,3.00,YES,0.36,0.899
naca653218-il,NACA 65(3)-218,18.00,1.10,YES,0.75,0.900
naca653618-il,NACA 65(3)-618,17.99,3.31,YES,1.33,0.848
naca654221-il,NACA 65(4)-221,21.00,1.10,YES,0.87,0.899
naca654421-il,NACA 65(4)-421,20.99,2.21,YES,1.14,0.899
naca654421a05-il,NACA 65(4)-421 a=0.5,20.99,3.00,YES,0.59,0.899
naca65206-il,NACA 65-206,6.00,1.10,YES,0.37,0.900
naca65209-il,NACA 65-209,8.99,1.10,YES,0.45,0.900
naca65210-il,NACA 65-210,9.99,1.10,YES,0.48,0.900
naca65410-il,NACA 65-410,9.99,2.21,YES,0.75,0.899
p51hroot-il,NACA 66,15.50,1.33,YES,0.39,0.925
p51htip-il,NACA 66,12.00,1.33,no,0.28,0.925
naca661212-il,NACA 66(1)-212,12.00,1.10,YES,0.47,0.900
naca662215-il,NACA 66(2)-215,14.99,1.10,YES,0.57,0.899
naca662415-il,NACA 66(2)-415,14.99,2.21,YES,0.79,0.899
naca663218-il,NACA 66(3)-218,18.00,1.10,YES,0.68,0.899
naca663418-il,NACA 66(3)-418,18.00,2.21,YES,0.91,0.899
naca664221-il,NACA 66(4)-221,21.00,1.10,YES,0.82,0.899
naca66-018-il,NACA 66-018,18.00,0.02,YES,0.49,0.900
n66021-il,NACA 66-021 AIRFOIL,21.00,0.00,YES,0.61,0.900
naca66206-il,NACA 66-206,6.00,1.10,YES,0.30,0.900
naca66209-il,NACA 66-209,9.00,1.10,YES,0.38,0.900
naca66210-il,NACA 66-210,10.00,1.10,YES,0.40,0.900
naca671215-il,NACA 67,14.99,1.10,YES,0.48,0.950
naca747a315-il,NACA 747A315,14.98,2.53,no,0.30,0.900
naca747a415-il,NACA 747A415,14.98,3.04,YES,0.38,0.900
n8h12-il,NACA 8-H-12 AIRFOIL,11.98,3.54,no,0.00,0.000
nacacyh-il,NACA CYH,11.70,5.85,no,0.00,0.200
m10-il,NACA M10 AIRFOIL,6.19,1.91,no,0.11,0.300
m11-il,NACA M11 AIRFOIL,8.15,1.88,no,0.00,0.000
nacam12-il,NACA M12,11.93,1.98,no,0.00,0.000
m12-il,NACA M12 AIRFOIL,11.93,2.05,no,0.00,0.000
m13-il,NACA M13 AIRFOIL,6.21,3.91,YES,1.43,0.300
m14-il,NACA M14 AIRFOIL,8.06,3.97,YES,0.92,0.300
m15-il,NACA M15 AIRFOIL,12.00,3.83,no,0.17,0.300
m16-il,NACA M16 AIRFOIL,6.15,4.11,YES,1.87,0.300
m17-il,NACA M17 AIRFOIL,8.08,4.11,YES,1.29,0.300
nacam18-il,NACA M18,11.96,6.44,YES,0.45,0.300
m18-il,NACA M18 AIRFOIL,12.02,4.18,YES,0.45,0.300
m19-il,NACA M19 AIRFOIL,6.17,6.03,YES,3.60,0.300
nacam2-il,NACA M2,8.06,0.00,no,0.00,0.000
m2-il,NACA M2 AIRFOIL,8.00,0.00,no,0.08,0.950
m20-il,NACA M20 AIRFOIL,8.15,6.13,YES,2.90,0.300
m21-il,NACA M21 AIRFOIL,11.95,6.04,YES,1.86,0.300
m22-il,NACA M22 AIRFOIL,6.25,6.30,YES,3.97,0.300
m23-il,NACA M23 AIRFOIL,8.14,6.38,YES,3.32,0.300
m24-il,NACA M24 AIRFOIL,11.95,6.34,YES,2.11,0.300
m25-il,NACA M25 AIRFOIL,6.27,8.23,YES,5.72,0.300
m26-il,NACA M26 AIRFOIL,8.30,8.25,YES,5.02,0.300
m27-il,NACA M27 AIRFOIL,11.95,8.37,YES,3.70,0.300
nacam3-il,NACA M3,11.90,0.00,no,0.00,0.000
m3-il,NACA M3 AIRFOIL,11.90,0.00,no,0.00,0.000
m4-il,NACA M4 AIRFOIL,6.28,2.21,YES,0.38,0.300
m5-il,NACA M5 AIRFOIL,8.21,2.07,no,0.12,0.300
nacam6-il,NACA M6,12.01,2.21,no,0.00,0.000
m6-il,NACA M6 AIRFOIL,12.01,2.21,no,0.00,0.000
m7-il,NACA M7 AIRFOIL,6.19,5.00,YES,2.31,0.300
m8-il,NACA M8 AIRFOIL,11.72,8.04,YES,5.30,0.400
m9-il,NACA M9 AIRFOIL,10.40,7.18,YES,4.68,0.400
n0009sm-il,NACA-0009 9.0% smoothed,9.02,0.00,no,0.00,0.000
m1-il,NACA-M1 AIRFOIL,6.16,0.00,no,0.00,0.000
n0011sc-il,NACA/LANGLEY SYMMETRICAL,10.96,0.00,no,0.00,0.000
naca0012h-sa,NACA0012H for VAWT from Sandia report SAND80-2114,12.20,0.00,no,0.02,0.299
n6409-il,NACA6409 9%,9.03,6.00,YES,2.50,0.499
nlf1015-il,NASA  NLF1015,14.99,4.73,YES,1.80,0.859
lrn1015-il,NASA LRN 1015 (NASA TM 102840),15.19,4.89,YES,0.65,0.874
rc410-il,NASA RC(4)-10 AIRFOIL,9.98,2.13,no,0.22,0.205
rc510-il,NASA RC(5)-10 AIRFOIL,9.96,2.21,no,0.07,0.204
sc20010-il,NASA SC(2)-0010 AIRFOIL,10.00,0.00,no,0.00,0.690
sc20012-il,NASA SC(2)-0012 AIRFOIL,12.00,0.00,no,0.00,0.690
sc20402-il,NASA SC(2)-0402 AIRFOIL,2.00,0.46,YES,0.51,0.860
sc20403-il,NASA SC(2)-0403 AIRFOIL,3.00,0.39,YES,0.60,0.880
sc20404-il,NASA SC(2)-0404 AIRFOIL,4.01,0.47,YES,0.71,0.850
sc20406-il,NASA SC(2)-0406 AIRFOIL,6.02,0.35,YES,0.66,0.870
sc20410-il,NASA SC(2)-0410 AIRFOIL,9.97,1.18,YES,1.52,0.870
sc20412-il,NASA SC(2)-0412 AIRFOIL,12.00,1.34,YES,1.77,0.870
sc20414-il,NASA SC(2)-0414 AIRFOIL,14.00,1.52,YES,2.02,0.860
sc20503-il,NASA SC(2)-0503 AIRFOIL,3.01,0.71,YES,0.73,0.850
sc20518-il,NASA SC(2)-0518 AIRFOIL,17.98,1.48,YES,2.42,0.870
sc20606-il,NASA SC(2)-0606 AIRFOIL,6.00,1.19,YES,1.24,0.870
sc20610-il,NASA SC(2)-0610 AIRFOIL,9.98,1.02,YES,1.96,0.860
sc20612-il,NASA SC(2)-0612 AIRFOIL,12.00,1.13,YES,2.17,0.860
sc20614-il,NASA SC(2)-0614 AIRFOIL,13.99,1.25,YES,2.38,0.850
sc20706-il,NASA SC(2)-0706 AIRFOIL,6.00,1.57,YES,1.51,0.860
sc20710-il,NASA SC(2)-0710 AIRFOIL,9.98,1.44,YES,2.21,0.860
sc20712-il,NASA SC(2)-0712 AIRFOIL,11.99,1.47,YES,2.40,0.850
sc20714-il,NASA SC(2)-0714 AIRFOIL,13.96,1.49,YES,2.81,0.850
sc21006-il,NASA SC(2)-1006 AIRFOIL,6.00,4.62,YES,2.01,0.830
sc21010-il,NASA SC(2)-1010 AIRFOIL,10.00,4.50,YES,2.22,0.850
a63a108c-il,NASA/AMES 63A108 MOD C AIRFOIL,7.74,0.55,no,0.07,0.800
ames01-il,NASA/AMES A-01 AIRFOIL,10.27,1.41,no,0.00,0.990
ames02-il,NASA/AMES A-02 AIRFOIL,7.74,0.55,no,0.07,0.800
ames03-il,NASA/AMES A-03 AIRFOIL,10.00,1.21,no,0.15,0.925
n64012-il,NASA/LANGLEY 64-012 AIRFOIL,11.96,0.00,YES,0.35,0.900
ls013-il,NASA/LANGLEY LS(1)-0013 AIRFOIL,12.86,0.00,YES,0.43,0.900
ls413-il,NASA/LANGLEY LS(1)-0413 (GA(W)-2) AIRFOIL,12.93,2.14,YES,1.40,0.850
ls413mod-il,NASA/LANGLEY LS(1)-0413MOD AIRFOIL,13.02,1.99,YES,1.36,0.875
ls417-il,NASA/LANGLEY LS(1)-0417 (GA(W)-1) AIRFOIL,16.98,2.17,YES,1.58,0.875
ls417mod-il,NASA/LANGLEY LS(1)-0417MOD AIRFOIL,17.00,2.33,YES,1.58,0.874
ls421-il,NASA/LANGLEY LS(1)-0421 AIRFOIL,20.89,2.14,YES,1.60,0.875
ls421mod-il,NASA/LANGLEY LS(1)-0421MOD AIRFOIL,20.96,2.08,YES,1.83,0.875
ms313-il,NASA/LANGLEY MS(1)-0313 AIRFOIL,13.14,1.58,YES,1.15,0.875
ms317-il,NASA/LANGLEY MS(1)-0317 AIRFOIL,17.01,1.51,YES,1.42,0.875
nlf414f-il,NASA/LANGLEY NLF 0414F AIRFOIL,14.17,2.41,YES,1.12,0.832
nlf0215f-il,NASA/LANGLEY NLF(1)-0215F AIRFOIL,14.97,3.96,YES,2.09,0.862
nlf416-il,NASA/LANGLEY NLF(1)-0416 AIRFOIL,15.94,2.46,YES,2.01,0.820
nlf415-il,NASA/LANGLEY NLF(2)-0415 AIRFOIL,15.01,2.96,YES,1.48,0.826
rc08b3-il,NASA/LANGLEY RC-08(B)3 AIRFOIL,8.00,1.10,no,0.01,0.341
rc08n1-il,NASA/LANGLEY RC-08(N)1 AIRFOIL,8.02,1.56,no,0.03,0.699
rc10b3-il,NASA/LANGLEY RC-10(B)3 AIRFOIL,9.97,1.71,no,0.00,0.000
rc10n1-il,NASA/LANGLEY RC-10(N)1 AIRFOIL,10.01,1.49,no,0.03,0.699
rc12b3-il,NASA/LANGLEY RC-12(B)3 AIRFOIL,12.00,2.22,no,0.00,1.000
rc12n1-il,NASA/LANGLEY RC-12(N)1 AIRFOIL,12.02,1.38,no,0.03,0.698
rcsc2-il,NASA/LANGLEY RC-SC2 AIRFOIL,9.97,0.60,no,0.00,0.000
rc0864c-il,NASA/LANGLEY RC08-64C AIRFOIL,8.00,1.00,no,0.00,1.000
rc1064c-il,NASA/LANGLEY RC10-64C AIRFOIL,10.00,1.00,no,0.19,0.201
rc1264c-il,NASA/LANGLEY RC12-64C AIRFOIL,12.00,1.00,no,0.00,0.000
nlf0115-il,NLF(1)-0115,14.96,1.84,YES,0.70,0.838
nlr1t-il,NLR-1T AIRFOIL,8.70,1.26,no,0.00,1.000
nl722343-il,NLR-7223-43 AIRFOIL,8.61,1.35,YES,0.82,0.799
nl722362-il,NLR-7223-62 AIRFOIL,8.61,1.25,no,0.06,0.987
nlr7301-il,NLR-7301 AIRFOIL,16.52,1.66,YES,1.71,0.850
nn7mk20-il,NN7 MK20,16.86,3.03,YES,1.98,0.778
npl9510-il,NPL 9510 AIRFOIL,11.08,1.62,YES,1.94,0.800
npl9615-il,NPL 9615 AIRFOIL,11.30,1.01,no,0.02,0.859
npl9626-il,NPL 9626 AIRFOIL,12.06,0.73,no,0.00,0.000
npl9627-il,NPL 9627 AIRFOIL,12.16,0.90,no,0.00,0.000
npl9660-il,NPL 9660 AIRFOIL,11.30,1.01,YES,0.33,0.962
nplx-il,NPL AIRFOIL FROM ARC CP 1372,10.67,1.01,YES,0.87,0.818
s801-nr,NREL's S801 Airfoil,13.49,3.71,YES,1.52,0.867
s802-nr,NREL's S802 Airfoil,11.51,3.85,YES,1.38,0.872
s803-nr,NREL's S803 Airfoil,11.48,3.68,YES,1.69,0.830
s804-nr,NREL's S804 Airfoil,17.92,4.19,YES,2.26,0.770
s805a-nr,NREL's S805A Airfoil,13.51,2.14,YES,0.56,0.900
s806a-nr,NREL's S806A Airfoil (modified line 35),11.49,2.75,YES,0.32,0.900
s807-nr,NREL's S807 Airfoil,18.00,1.88,YES,2.16,0.819
s808-nr,NREL's S808 Airfoil,20.99,2.35,YES,2.36,0.764
s809-nr,NREL's S809 Airfoil,20.99,0.98,YES,1.80,0.823
s810-nr,NREL's S810 Airfoil,17.97,0.91,YES,1.15,0.831
s811-nr,NREL's S811 Airfoil,26.26,1.99,YES,3.40,0.755
s812-nr,NREL's S812 Airfoil,20.99,1.57,YES,1.88,0.818
s813-nr,NREL's S813 Airfoil,15.99,2.27,YES,0.85,0.874
s814-nr,NREL's S814 Airfoil,24.15,3.09,YES,3.88,0.745
s815-nr,NREL's S815 Airfoil,26.18,2.91,YES,3.96,0.737
s816-nr,NREL's S816 Airfoil,21.01,1.81,YES,1.58,0.821
s817-nr,NREL's S817 Airfoil,15.99,2.85,YES,0.77,0.873
s818-nr,NREL's S818 Airfoil,24.00,3.27,YES,3.65,0.744
s819-nr,NREL's S819 Airfoil,21.08,1.46,YES,1.91,0.773
s820-nr,NREL's S820 Airfoil,16.01,2.19,YES,0.85,0.874
s821-nr,NREL's S821 Airfoil,24.19,2.86,YES,3.65,0.744
s822-nr,NREL's S822 Airfoil,15.99,1.90,YES,0.61,0.908
s823-nr,NREL's S823 Airfoil,21.18,2.49,YES,2.60,0.759
s825-nr,NREL's S825 Airfoil,17.00,4.02,YES,3.75,0.765
s826-nr,NREL's S826 Airfoil,14.04,4.31,YES,2.97,0.774
s827-nr,NREL's S827 Airfoil,21.01,2.24,YES,1.32,0.863
s828-nr,NREL's S828 Airfoil,15.99,2.27,YES,0.43,0.939
s829-nr,NREL's S829 Airfoil,16.00,0.80,YES,0.31,0.941
s830-nr,NREL's S830 Airfoil,20.96,4.42,YES,3.20,0.804
s831-nr,NREL's S831 Airfoil,17.95,5.07,YES,1.62,0.861
s832-nr,NREL's S832 Airfoil,14.99,5.36,YES,0.53,0.910
s833-nr,NREL's S833 Airfoil,18.00,2.52,YES,1.83,0.857
s834-nr,NREL's S834 Airfoil,14.99,1.63,YES,0.50,0.939
s835-nr,NREL's S835 Airfoil,21.05,2.44,YES,2.01,0.853
k1-il,NYU/GRUMMAN K-1 AIRFOIL,11.59,1.96,YES,1.66,0.817
oaf095-il,OAF095 AIRFOIL,9.48,3.79,YES,2.56,0.655
oaf102-il,OAF102 AIRFOIL,10.17,3.63,YES,2.20,0.684
oaf117-il,OAF117 AIRFOIL,11.47,2.03,YES,1.21,0.713
oaf128-il,OAF128 AIRFOIL,12.79,0.99,YES,0.82,0.819
oaf139-il,OAF139 AIRFOIL,13.67,1.30,no,0.28,0.864
hor04-il,ONERA HOR04 AIRFOIL,4.05,1.51,YES,0.69,0.719
hor07-il,ONERA HOR07 AIRFOIL,7.18,4.47,YES,2.61,0.527
hor12-il,ONERA HOR12 AIRFOIL,11.94,3.85,YES,2.09,0.638
hor20-il,ONERA HOR20 AIRFOIL,20.38,3.19,YES,1.43,0.663
ncambre-il,ONERA NACA CAMBRE AIRFOIL,11.52,1.38,no,0.00,0.878
oa206-il,ONERA OA206 AIRFOIL,6.01,0.84,no,0.21,0.939
oa209-il,ONERA OA209 AIRFOIL,9.01,1.56,YES,0.33,0.939
oa212-il,ONERA OA212 AIRFOIL,12.01,2.29,no,0.24,0.951
oa213-il,ONERA OA213 AIRFOIL,12.57,3.32,no,0.10,0.940
s1020-il,Ornithopter airfoil.,15.10,5.05,YES,1.51,0.778
p51droot-il,P-51D ROOT (BL17.5) AIRFOIL,16.52,1.26,YES,0.66,0.867
p51dtip-il,P-51D TIP (BL215) AIRFOIL,11.42,1.30,YES,0.71,0.867
pmc19sm-il,PMC19 Smoothed,9.19,2.12,YES,0.31,0.882
pfcm-il,PROPFAN CRUISE MISSILE WING AIRFOIL,8.19,1.33,no,0.27,0.800
psu94097-il,PSU 94-097 (AIAA 2001-2478),9.70,4.10,YES,0.97,0.753
psu-90-125wl-il,PSU-90-125WL,12.53,2.43,YES,0.54,0.841
pt40-il,PT40,11.59,2.88,no,0.02,0.205
pw106-pw,PW106,8.90,2.11,no,0.00,0.992
pw1211-pw,PW1211,7.00,1.65,no,0.00,0.990
pw51-pw,PW51,8.90,1.42,no,0.01,0.973
pw75-pw,PW75,8.90,1.49,no,0.00,0.990
pw98mod-pw,PW98-mod,8.40,1.81,no,0.00,0.995
prandtl-d-root-ns,Prandtl-D root - NASA Preliminary Research Aerodynamic Design To Lower Drag,12.03,4.09,no,0.18,0.598
prandtl-d-tip-ns,Prandtl-D tip - NASA Preliminary Research Aerodynamic Design To Lower Drag,9.63,0.07,no,0.00,0.936
r140sm-il,R140  12.04% (smoothed),12.04,0.44,no,0.00,0.862
r140-il,R140 (original),12.00,0.47,no,0.04,0.669
rae100-il,RAE 100 AIRFOIL,10.00,0.00,no,0.00,0.920
rae101-il,RAE 101 AIRFOIL,9.99,0.00,no,0.00,0.950
rae102-il,RAE 102 AIRFOIL,10.00,0.00,no,0.00,0.940
rae103-il,RAE 103 AIRFOIL,10.00,0.00,no,0.00,0.820
rae104-il,RAE 104 AIRFOIL,10.00,0.00,no,0.00,0.925
rae2822-il,RAE 2822 AIRFOIL,12.11,1.26,YES,1.06,0.836
rae5214-il,RAE 5214 AIRFOIL,9.67,1.44,YES,1.02,0.778
rae5215-il,RAE 5215 AIRFOIL,9.65,1.63,YES,1.02,0.778
rae5212-il,RAE(NPL) 5212 AIRFOIL,11.95,1.83,YES,0.96,0.778
rae5213-il,RAE(NPL) 5213 AIRFOIL,9.95,1.44,YES,1.02,0.778
rae69ck-il,RAE6-9CK AIRFOIL,12.11,1.26,YES,1.06,0.836
raf15-il,RAF 15 AIRFOIL,6.49,2.61,YES,0.99,0.300
raf19-il,RAF 19 AIRFOIL,10.50,10.14,YES,7.27,0.400
raf25-il,RAF 25 AIRFOIL,6.47,1.04,no,0.06,0.700
raf26-il,RAF 26 AIRFOIL,6.62,2.14,YES,0.41,0.700
raf27-il,RAF 27 AIRFOIL,9.76,0.00,no,0.00,0.000
raf28-il,RAF 28 AIRFOIL,9.82,1.93,no,0.02,0.800
raf30-il,RAF 30 AIRFOIL,12.64,0.00,no,0.00,0.000
raf30md-il,RAF 30 MOD AIRFOIL,7.60,0.00,no,0.00,0.000
raf31-il,RAF 31 AIRFOIL,12.74,2.07,no,0.24,0.800
raf32-il,RAF 32 AIRFOIL,12.68,5.01,YES,1.53,0.700
raf32md-il,RAF 32 MOD AIRFOIL,10.16,3.96,YES,1.22,0.700
raf33-il,RAF 33 AIRFOIL,12.64,4.69,YES,0.54,0.300
raf34-il,RAF 34 AIRFOIL,12.64,2.00,no,0.00,0.000
raf38-il,RAF 38 AIRFOIL,12.65,2.52,no,0.00,0.000
raf6-il,RAF 6 AIRFOIL,9.98,4.59,no,0.00,0.300
raf69-il,RAF 69 AIRFOIL,20.64,1.71,no,0.12,0.800
raf89-il,RAF 89 AIRFOIL,25.00,1.64,no,0.06,0.800
raf48-il,RAF-48 AIRFOIL,14.96,2.93,no,0.04,0.900
s3-il,REPUBLIC S-3 AIRFOIL,11.00,1.83,no,0.14,0.900
rg12a189-il,RG 12A-1.8/9.0 AIRFOIL,8.99,1.80,YES,0.47,0.896
rg1410-il,RG 14 10% AIRFOIL,10.00,1.58,no,0.21,0.921
rg149-il,RG 14 9% AIRFOIL,9.00,1.58,no,0.21,0.921
rg1495-il,RG 14 9.5% AIRFOIL,9.50,1.58,no,0.21,0.921
rg14-il,RG 14 AIRFOIL,8.47,1.58,no,0.21,0.921
rg14a147-il,RG 14A-1.4/7.0 AIRFOIL,7.00,1.40,no,0.18,0.896
rg15a213-il,RG 15A 2.5/13.0 AIRFOIL,12.99,2.50,YES,0.71,0.863
rg15a111-il,RG 15A-1.8/11.0 AIRFOIL,11.00,1.80,YES,0.51,0.863
rg8-il,RG 8 AIRFOIL,10.80,2.22,YES,0.98,0.795
rg12-il,RG-12,9.26,1.38,YES,0.39,0.885
rg15-il,RG-15 8.9%,8.92,1.76,YES,0.51,0.848
r1046-il,RONCZ 1046 VOYAGER CANARD AIRFOIL,18.10,6.66,no,0.25,0.760
r1080-il,RONCZ 1080 VOYAGER INNER AFT WING AIRFOIL,18.00,3.30,YES,0.58,0.900
r1082-il,RONCZ 1082 VOYAGER ROOT OUTER AFT WING AIRFOIL,18.00,3.38,YES,0.65,0.900
r1082t-il,RONCZ 1082T VOYAGER TIP OUTER AFT WING AIRFOIL,16.00,3.00,YES,0.58,0.900
marske7-il,RONCZ LOW DRAG FLYING WING AIRFOIL,12.05,2.81,no,0.03,0.983
amsoil1-il,RUTAN CANARD AIRFOIL,11.62,2.08,no,0.21,0.900
amsoil2-il,RUTAN WING AIRFOIL,11.76,0.97,no,0.25,0.899
bqm34-il,RYAN BQM-34 FIREBEE WING AIRFOIL,9.90,0.00,no,0.00,0.878
rhodesg30-il,Rhode St. Genese 30,9.74,4.87,no,0.00,0.000
rhodesg32-il,Rhode St. Genese 32,11.90,5.95,no,0.00,0.000
rhodesg34-il,Rhode St. Genese 34,14.07,7.03,no,0.00,0.000
rhodesg36-il,Rhode St. Genese 36,16.23,8.12,no,0.00,0.000
s1010-il,S1010 HPV airfoil,6.02,0.00,no,0.03,0.972
s1012-il,S1012,12.02,0.00,YES,0.31,0.884
s1014-il,S1014,16.51,0.00,YES,0.59,0.876
s1016-il,S1016,17.48,0.00,YES,0.59,0.909
s1046-il,S1046 17% (Danny Howell),16.99,0.00,no,0.25,0.843
s1048-il,S1048 14% (Danny Howell),13.97,0.00,no,0.15,0.849
s1091-il,S1091,5.06,6.06,YES,4.85,0.519
s1210-il,S1210 12%,12.00,7.20,YES,5.26,0.701
s1221-flap-il,S1221  w/ 4 deg flap,12.14,5.40,YES,4.51,0.771
s1221-il,S1221  w/o flap,12.14,5.40,YES,3.35,0.726
s1223-il,S1223,12.14,8.67,YES,6.56,0.642
s1223rtl-il,S1223 RTL,13.51,8.46,YES,6.20,0.647
s2027-il,S2027,14.50,2.75,YES,0.54,0.843
s2046-il,S2046,9.01,2.59,YES,1.37,0.803
s2048-il,S2048,8.63,1.94,YES,0.57,0.807
s2050-il,S2050 8.93%,8.93,1.26,YES,0.72,0.846
s2055-il,S2055,7.99,1.66,no,0.17,0.921
s2060-il,S2060 8%,8.00,1.81,YES,0.42,0.852
s2062-il,S2062 8%,7.98,1.73,YES,0.34,0.889
s2091-il,S2091-101-83,10.11,3.91,YES,0.91,0.660
s3010-il,S3010-103-84,10.32,2.83,YES,0.48,0.809
s3014-il,S3014-095-85,9.46,2.57,no,0.05,0.772
s3016-il,S3016-095-87,9.52,2.09,no,0.04,0.816
s3021-il,S3021-095-84,9.47,2.96,no,0.05,0.671
s3025-il,S3025 9.38%,9.38,3.59,YES,0.45,0.664
s4022-il,S4022,11.27,4.34,YES,1.91,0.781
s4053-il,S4053,8.92,3.00,no,0.23,0.766
s4061-il,S4061-096-84,9.62,3.90,YES,0.97,0.662
s4062-il,S4062-095-87,9.55,4.13,YES,1.06,0.658
s4083-il,S4083 (8%),8.00,3.45,YES,1.26,0.688
s4094-il,S4094 (root airfoil designed for and used on the E-flite UMX ASK-21 scale RC sailplane),9.90,2.42,no,0.25,0.770
s4095-il,S4095 (designed for the E-flite UMX ASK-21 scale RC sailplane),9.70,2.44,YES,0.30,0.772
s4096-il,S4096 (designed for the E-flite UMX ASK-21 scale RC sailplane),12.47,2.18,no,0.10,0.890
s4110-il,S4110,8.38,3.12,YES,0.90,0.711
s4158-il,S4158,10.86,3.71,no,0.12,0.767
s4180-il,S4180-098-84,9.78,4.36,YES,1.31,0.657
s4233-il,S4233-136-84,13.64,3.26,YES,0.55,0.843
s4310-il,S4310,10.86,4.16,YES,0.46,0.712
s4320-il,S4320,9.41,4.48,YES,1.34,0.658
s5010-il,S5010,9.83,2.20,no,0.01,0.987
s5020-il,S5020,8.40,2.62,no,0.01,0.988
s6061-il,S6061 9%,8.99,1.76,no,0.21,0.890
s6062-il,S6062 8%,7.94,1.59,no,0.18,0.892
s6063-il,S6063 7.05%,6.96,1.42,no,0.18,0.858
s7012-il,S7012 8.75%,8.75,2.02,YES,0.63,0.829
s7055-il,S7055 (10.5%) Flat-Bottomed,10.50,3.55,no,0.00,0.572
s7075-il,S7075 (9%),9.00,3.03,YES,0.76,0.857
s8025-il,S8025 (8%),7.98,0.48,no,0.10,0.839
s8035-il,S8035 for RC aerobatic  14% thick,14.00,0.00,no,0.03,0.991
s8036-il,S8036 (16%),16.00,1.85,no,0.04,0.823
s8037-il,S8037 (16%),16.00,2.63,no,0.02,0.991
s8038-il,S8038 (13%),13.00,0.89,no,0.12,0.827
s8052-il,S8052 (11.88%),11.89,1.57,no,0.30,0.858
s8055-il,S8055 (12%),12.00,2.05,no,0.21,0.885
s8064-il,S8064,12.32,1.18,no,0.19,0.885
s8065-il,S8065 (11% version of S8064),11.00,1.18,no,0.16,0.888
s8066-il,S8066 (10% version of S8065 w/ lower surface aerodynamically similar),9.99,0.94,no,0.21,0.888
s9000-il,S9000 (9%),9.01,2.37,YES,0.57,0.847
s9026-il,S9026 (9.5%),9.50,0.00,no,0.04,0.979
s9027-il,S9027 (8%),8.00,0.00,no,0.02,0.987
s9032-il,S9032 (9%),9.00,0.00,no,0.03,0.987
s9033-il,S9033 (7.5%),7.50,0.00,no,0.02,0.987
s9037-il,S9037 (9%),9.00,3.49,YES,0.58,0.690
sa7024-il,SA7024,7.01,3.26,YES,1.18,0.651
sa7025-il,SA7025,8.00,3.60,YES,1.00,0.611
sa7026-il,SA7026,9.00,3.84,YES,0.87,0.687
sa7035-il,SA7035,9.19,2.55,YES,0.38,0.799
sa7036-il,SA7036,9.20,2.79,YES,0.46,0.798
sa7038-il,SA7038,9.20,3.24,YES,0.67,0.762
saratov-il,SARATOV AIRFOIL,9.20,9.75,YES,8.37,0.400
nasasc2-0714-il,SC(2)-0714 Supercritical airfoil (coordinates from Raymer w/ one correction),13.93,1.48,YES,2.83,0.850
sd2030-il,SD2030-086-88,8.56,2.25,no,0.22,0.919
sd2083-il,SD2083 (9.0%),8.96,2.85,no,0.11,0.769
sd5060-il,SD5060 (9.5%),9.46,2.30,YES,0.50,0.766
sd6060-il,SD6060-104-88,10.37,1.85,no,0.14,0.921
sd6080-il,SD6080 (9.2%),9.19,3.74,YES,0.70,0.665
sd7003-il,SD7003-085-88,8.51,1.46,YES,0.37,0.852
sd7032-il,SD7032-099-88,9.96,3.66,YES,0.92,0.803
sd7034-il,SD7034,10.51,3.89,YES,0.78,0.711
sd7037-il,SD7037-092-88,9.20,3.02,YES,0.58,0.808
sd7043-il,SD7043 (9.1%),9.13,3.51,YES,1.11,0.757
sd7062-il,SD7062 (14%),13.97,3.97,YES,0.80,0.796
sd7080-il,SD7080 (9.2%),9.15,2.48,YES,0.38,0.809
sd7084-il,SD7084 (9.6%),9.63,2.31,no,0.06,0.813
sd7090-il,SD7090 (10%),9.99,1.87,no,0.14,0.850
sd8000-il,SD8000-089-88,8.86,1.72,YES,0.34,0.852
sd8020-il,SD8020-010-88,10.10,0.00,no,0.03,0.986
sd8040-il,SD8040 (10%),9.99,2.65,YES,0.38,0.849
s3002-il,SELIG 3002-099-83,9.94,2.99,YES,1.03,0.844
sg6040-il,SG6040,16.00,2.50,YES,1.05,0.840
sg6041-il,SG6041,9.99,2.00,YES,0.31,0.857
sg6042-il,SG6042,10.00,3.75,YES,0.86,0.819
sg6043-il,SG6043,10.02,5.50,YES,2.19,0.698
sg6050-il,SG6050,16.01,3.24,no,0.12,0.928
sg6051-il,SG6051,12.01,3.22,no,0.04,0.448
dbln526-il,SIKORSKY DBLN-526 AIRFOIL,25.99,3.99,no,0.15,0.250
gs1-il,SIKORSKY GS-1 AIRFOIL,13.90,4.14,YES,1.11,0.600
sc1012r8-il,SIKORSKY SC1012R8 AIRFOIL,12.00,2.71,no,0.14,0.966
sc1094r8-il,SIKORSKY SC1094 R8 AIRFOIL,9.40,2.12,no,0.11,0.966
sc1095r8-il,SIKORSKY SC1094R8 AIRFOIL,9.34,0.99,no,0.11,0.950
sc1095-il,SIKORSKY SC1095 AIRFOIL,9.50,0.81,no,0.11,0.966
sc2110-il,SIKORSKY SC2110 AIRFOIL,9.92,1.96,no,0.19,0.955
ssca07-il,SIKORSKY SSC-A07 AIRFOIL,7.00,0.91,no,0.13,0.955
ssca09-il,SIKORSKY SSC-A09  AIRFOIL,9.00,1.17,no,0.16,0.955
sm701-il,SM701,15.99,3.32,YES,1.46,0.821
sokolov-il,SOKOLOV AIRFOIL,7.10,6.45,YES,4.30,0.500
s102b-il,SOMERS S102 AIRFOIL (BLUNT),14.98,2.07,YES,1.43,0.831
s102s-il,SOMERS S102 AIRFOIL (SHARP),14.98,2.07,YES,1.43,0.831
sp4621hp-po,SP4621HP,21.06,4.02,YES,3.56,0.810
sp4721la-po,SP4721LA,21.38,4.22,YES,3.32,0.787
spicasm-il,SPICA  11.73% smoothed,11.72,4.74,no,0.00,0.200
strand-il,STRAND AIRFOIL,15.45,4.09,YES,1.36,0.780
atr72sm-il,Smoothed ATR airfoil coordinates obtained  using AFSMO (Harry Morgan's NASA smoothing program),14.53,2.87,no,0.09,0.946
stcyr171-il,St. CYR 171 (Royer),11.08,1.50,YES,2.94,0.500
stcyr172-il,St. CYR 172 (Royer),13.56,0.00,no,0.05,0.900
stcyr234-il,St. CYR 234 (Bartel 17-IC),16.00,8.60,YES,1.80,0.600
stcyr24-il,St. CYR 24 (Bartel 35-IIIC),12.35,7.40,YES,1.40,0.500
supermarine371i-il,Supermarine 371-I (root),13.00,0.93,no,0.25,0.900
supermarine371ii-il,Supermarine 371-II (tip),8.36,0.93,no,0.20,0.900
th25816-il,TH 25816 HALE AIRFOIL,25.69,4.01,YES,1.19,0.919
trainer60-il,TRAINER60,18.31,0.21,YES,1.07,0.908
tsagi12-il,TSAGI 12% AIRFOIL,11.90,1.99,no,0.00,0.000
tsagi8-il,TSAGI 8% AIRFOIL,7.95,1.33,no,0.00,0.000
tsagi-r-3a-il,TsAGI R-3a (12%),12.09,3.47,no,0.00,0.970
ua2-180-il,UA(2)-180 (University of Alberta/Marsden),18.12,6.99,no,0.02,0.581
ua2-180sm-il,UA(2)-180 smoothed,18.17,6.95,no,0.00,0.993
uag8814320-il,UAG 88-143/20,14.31,6.20,no,0.03,0.339
ultimate-il,ULTIMATE,12.85,0.34,no,0.06,0.908
ua79sf18-il,UNIVERSITY OF ALBERTA UA 79-SF-187 AIRFOIL,18.77,3.73,YES,1.01,0.891
ua79sff-il,UNIVERSITY OF ALBERTA UA 79-SF-187 AIRFOIL MAIN ELEMENT,8.68,2.27,YES,0.80,0.891
ua79sfm-il,UNIVERSITY OF ALBERTA UA 79-SF-187 AIRFOIL MAIN ELEMENT,18.77,3.73,no,0.00,0.000
gu255118-il,UNIVERSITY OF GLASGOW GU25-5(11)8 AIRFOIL,19.99,7.13,no,0.04,0.750
ui1720-il,UNIVERSITY OF ILLINOIS UI-1720 AIRFOIL,13.81,4.64,YES,1.77,0.632
us1000root-il,US1000ROOT,18.57,0.13,no,0.25,0.854
usa22-il,USA 22 AIRFOIL,9.11,4.43,YES,1.50,0.400
usa25-il,USA 25 AIRFOIL,8.28,5.23,YES,2.40,0.300
usa26-il,USA 26 AIRFOIL,9.83,4.34,YES,1.15,0.400
usa27-il,USA 27 AIRFOIL,11.07,5.10,YES,1.12,0.400
usa27m2-il,USA 27 mod. AIRFOIL,13.29,5.10,YES,0.94,0.400
usa28-il,USA 28 AIRFOIL,13.17,3.75,YES,0.99,0.500
usa29-il,USA 29 AIRFOIL,13.20,5.53,YES,1.91,0.400
usa31-il,USA 31 AIRFOIL,14.85,9.35,YES,4.33,0.399
usa32-il,USA 32 AIRFOIL,14.72,9.33,YES,3.80,0.400
usa33-il,USA 33 AIRFOIL,14.20,4.86,YES,1.07,0.300
usa34-il,USA 34 AIRFOIL,18.04,7.70,YES,1.51,0.500
usa35a-il,USA 35 A AIRFOIL,18.19,6.43,YES,0.65,0.700
usa35-il,USA 35 AIRFOIL,18.19,6.43,YES,0.67,0.600
usa40-il,USA 40 AIRFOIL,13.32,4.19,YES,1.56,0.800
usa40b-il,USA 40 B AIRFOIL,13.63,4.00,YES,1.48,0.800
usa41-il,USA 41 AIRFOIL,6.60,4.49,YES,2.26,0.600
usa45-il,USA 45 AIRFOIL,14.54,4.15,no,0.00,0.000
usa45m-il,USA 45 M AIRFOIL,11.63,3.33,no,0.01,0.950
usa46-il,USA 46 AIRFOIL,6.54,2.17,YES,1.01,0.800
usa48-il,USA 48 AIRFOIL,14.90,2.88,YES,0.50,0.800
usa49-il,USA 49 AIRFOIL,7.25,1.73,no,0.03,0.900
usa5-il,USA 5 AIRFOIL,6.38,4.53,YES,2.07,0.400
usa50-il,USA 50 AIRFOIL,7.04,1.95,no,0.02,0.700
usa51-il,USA 51 AIRFOIL,9.33,2.56,no,0.02,0.900
usa98-il,USA 98 AIRFOIL,14.30,6.60,YES,3.20,0.600
usa35b-il,USA-35B AIRFOIL,11.61,3.19,YES,0.45,0.600
usnps4-il,USNPS4 (smoothed),11.94,5.02,no,0.17,0.238
cootie-il,WACO COOTIE AIRFOIL,8.46,6.28,YES,2.20,0.400
waspsm-il,WASP (smoothed),9.35,2.98,YES,0.57,0.646
wb13535sm-il,WB-135/35  13.5%  smoothed,13.55,3.75,YES,0.88,0.650
wb140-il,WB-140/35/FB 14%,13.92,3.70,no,0.05,0.550
whitcomb-il,WHITCOMB INTEGRAL SUPERCRITICAL AIRFOIL,10.96,2.29,YES,2.74,0.850
fx049915-il,WORTMANN FX 049-915 AIRFOIL,14.72,5.82,no,0.00,0.983
fx05188-il,WORTMANN FX 05-188 AIRFOIL,18.82,2.62,YES,1.80,0.854
fx05191-il,WORTMANN FX 05-191 AIRFOIL,19.08,2.62,YES,1.52,0.897
fx05h126-il,WORTMANN FX 05-H-126 AIRFOIL,12.61,4.40,no,0.01,0.250
fx057816-il,WORTMANN FX 057-816,16.18,5.13,YES,0.64,0.933
fx08s176-il,WORTMANN FX 08-S-176 AIRFOIL,17.60,5.66,YES,0.75,0.933
fx082512-il,WORTMANN FX 082-512 AIRFOIL,11.80,4.16,YES,3.52,0.750
fx2-il,WORTMANN FX 2 AIRFOIL,20.45,3.77,YES,1.74,0.854
fx3-il,WORTMANN FX 3 AIRFOIL,19.98,4.16,YES,2.29,0.854
fx60126-il,WORTMANN FX 60-126 AIRFOIL,12.59,3.56,YES,2.14,0.750
fx601261-il,WORTMANN FX 60-126/1 AIRFOIL,12.60,3.96,YES,2.21,0.750
fx62k131-il,WORTMANN FX 62-K-131 AIRFOIL,13.09,3.89,YES,2.10,0.876
fx63137-il,WORTMANN FX 63-137 AIRFOIL,13.71,5.97,YES,3.36,0.750
fx66a175-il,WORTMANN FX 66-17A-175 AIRFOIL,17.52,4.16,YES,1.61,0.721
fx6617ai-il,WORTMANN FX 66-17AII-182 AIRFOIL (AS TESTED AT NASA),18.84,3.66,YES,1.23,0.798
fx69274-il,WORTMANN FX 69-274,27.41,3.19,YES,0.50,0.897
fx71089a-il,WORTMANN FX 71-089A AIRFOIL,8.94,0.00,no,0.01,0.990
fx71120-il,WORTMANN FX 71-120 AIRFOIL,11.99,0.00,no,0.03,0.990
fx72150a-il,WORTMANN FX 72-MS-150A AIRFOIL,15.01,8.34,YES,3.96,0.721
fx72150b-il,WORTMANN FX 72-MS-150B AIRFOIL,15.01,9.72,YES,5.03,0.691
fx73170-il,WORTMANN FX 73-170,17.09,4.37,YES,1.85,0.804
fx73170a-il,WORTMANN FX 73-170 A,17.11,5.64,YES,0.79,0.876
fx74080-il,WORTMANN FX 74-080,8.15,4.31,YES,0.76,0.854
fx75141-il,WORTMANN FX 75-141,14.13,3.39,YES,1.64,0.830
fx75193-il,WORTMANN FX 75-193,19.27,3.66,YES,2.01,0.830
fx76100-il,WORTMANN FX 76-100,10.07,0.00,no,0.01,0.996
fx76120-il,WORTMANN FX 76-120,12.07,0.00,no,0.01,0.996
fx77080-il,WORTMANN FX 77-080,8.05,0.00,no,0.01,0.996
fx77w153-il,WORTMANN FX 77-W-153 AIRFOIL,15.25,4.48,no,0.02,0.279
fx77w258-il,WORTMANN FX 77-W-258 AIRFOIL,26.12,4.34,YES,1.46,0.830
fx77w343-il,WORTMANN FX 77-W-343 AIRFOIL,34.38,4.70,YES,1.77,0.830
fx79k144-il,WORTMANN FX 79-K-144/17 AIRFOIL,14.39,2.81,YES,0.64,0.916
fx80080-il,WORTMANN FX 80-080,8.06,2.21,YES,0.62,0.854
fxlv152-il,WORTMANN FX L V-152 AIRFOIL,15.28,0.00,YES,0.52,0.830
fxm2-il,WORTMANN FX M2 AIRFOIL,8.40,4.78,YES,1.88,0.565
ys900-il,YS-900,9.01,0.00,no,0.11,0.977
ys915-il,YS-915,9.09,1.76,no,0.06,0.744
ys930-il,YS-930,9.09,3.03,YES,0.63,0.685
cr001sm-il,cr001sm,7.33,4.06,YES,1.68,0.646
davissm-il,davissm,5.87,5.91,YES,3.94,0.493
dh4009sm-il,dh4009sm,8.95,0.20,no,0.05,0.882
lrn1007-il,lrn1007,7.27,5.90,YES,2.38,0.590
